area_sqft,num_bedrooms,num_bathrooms,location_rating,year_built,property_type,condition,school_rating,crime_rate,proximity_to_city_km,parking_spaces,garden_size_sqft,renovation_status,price_usd
4396.349738010682,7.0,4.0,6.150446146169344,2007.0,Apartment,Poor,4.677228811362504,Medium,34.358949003109174,3.0,122.78863812221097,Full,1645088.3915432824
1224.0617741382212,1.0,,4.599701805915014,1960.0,Detached,New,6.39041577475622,Low,39.5678870862567,3.0,4816.739564676157,Major,1408165.934333883
3022.640493520633,3.0,3.0,2.913045071243363,1995.0,Townhouse,Fair,9.124919755678667,High,5.159504129472303,3.0,3139.122246964079,Minor,487712.7093165581
901.8687927452162,6.0,3.2,2.7052653743376602,2009.0,Apartment,Good,7.071589206327793,Low,9.628461907095026,1.0,1158.3658414896543,None,
1253.606169253517,7.0,3.6,3.515226283867846,1962.0,Townhouse,Good,8.545496086545775,High,26.13788219277061,3.0,448.422835564119,Major,1013564.830357815
4589.479777217484,6.0,5.8,9.839335678531143,1983.0,Semi-Detached,Good,2.684087089750661,Low,35.51444512003794,1.0,520.6660743489539,Major,1675772.1662016204
4967.569730046699,7.0,2.1,9.6631620140769,1968.0,Detached,Fair,8.55507338897487,Low,44.00021029023124,0.0,4188.761136973172,Major,1617848.9718516245
4988.59795698023,2.0,5.6,8.603140888081402,2013.0,Detached,,7.301390545468561,Low,27.232258108152568,2.0,4107.150778220341,Minor,912323.4628035756
4101.973686986883,7.0,5.9,1.6155069802078232,1976.0,Detached,Poor,3.6541839354830246,Low,15.233212607123498,,4169.324400070708,,1695247.9395014371
1398.260287000118,1.0,3.1,8.486720597532134,1979.0,Apartment,,9.058471418762359,High,42.89060988828837,3.0,4803.22483326481,Full,571822.8463437929
1787.3616842763508,1.0,2.2,7.800727982519423,1968.0,Apartment,Fair,6.985231910183865,Low,48.04113940486203,1.0,1952.962808314666,None,773547.1048480559
900.6266409159863,2.0,3.3,9.447499940658254,2008.0,Apartment,Good,5.209886771266564,High,12.453004980785149,1.0,4579.195419640841,Major,535141.9833502173
743.2234826148722,3.0,1.5,5.201725992306552,1976.0,Semi-Detached,Poor,7.339928954858186,High,30.108458627889682,2.0,807.5215914862328,Full,208865.85328931853
3796.708096088438,2.0,5.1,5.634152079278992,1983.0,,Good,1.0606265307544378,Medium,16.07433464570188,1.0,4695.999764497362,Major,546150.7352068302
2931.8249352842304,1.0,2.6,6.1093719009420955,1986.0,Townhouse,New,3.9107052686901422,High,42.97785645056118,2.0,1218.2568268583748,Major,1332357.1232441578
,3.0,2.5,5.913674219209483,1965.0,Detached,New,7.990307655955418,,20.431759801434584,2.0,2040.02933310103,Full,1547008.0401953238
3110.3822769186204,6.0,4.4,3.823681876383497,2009.0,Apartment,Good,8.731122841593066,High,45.695352195615776,0.0,2576.7786299256836,Minor,767688.1866853855
553.2058699736609,5.0,3.8,2.4527013094764376,2002.0,Semi-Detached,New,8.20167191284647,Low,23.745461626099058,0.0,4015.9062295009685,Full,1501138.6776278066
1938.9726823180902,5.0,3.9,7.405962289993593,2016.0,Detached,New,7.580849855050266,High,36.6030398086597,3.0,1946.420581027794,Full,113397.7128981122
3610.4418502941935,4.0,3.4,9.213013316043993,1989.0,Semi-Detached,Good,5.478245859155653,Low,17.2339172951264,0.0,1707.7987837842024,Full,1542299.8734438026
4375.368378398026,4.0,3.3,6.99746014234293,1951.0,Semi-Detached,New,2.706378219170309,Medium,26.341398086366407,2.0,4913.894479712858,Minor,1695526.5176030349
1194.7437137158413,5.0,2.6,8.46214508932308,1986.0,Detached,Excellent,1.9972127858467226,Medium,34.520704805436644,2.0,372.9090641823596,Major,1984823.3757248577
1030.814361105317,2.0,2.4,5.691505682897577,1961.0,Apartment,Good,9.315949701979791,High,9.515979407093017,3.0,127.94523268322754,Full,
4814.983534603368,4.0,6.0,5.546246475731182,1967.0,Semi-Detached,Excellent,2.897167131133963,Medium,8.713674449944214,3.0,283.46083480019547,Major,1413365.6398625013
,7.0,3.0,9.869254099517622,2022.0,Detached,Fair,3.2074952521535613,Medium,4.34827565690617,0.0,4570.955064922811,Minor,759262.4727531493
3875.1936700269925,6.0,3.5,9.950905672207968,1980.0,Semi-Detached,Excellent,7.4958639779876695,Low,,3.0,1163.9183471125841,Major,640458.0777691051
766.3021840480824,4.0,3.0,6.478573484332056,1998.0,Townhouse,Fair,7.8028026517603974,Low,29.464484164188104,1.0,218.47744906908108,Minor,322160.28270875226
3336.101132163453,3.0,4.6,4.337904501750394,1997.0,Semi-Detached,Poor,4.673692066305554,Low,5.407776116005081,,,Full,645080.2571600343
1077.8051940959385,2.0,1.9,4.351901711145677,2010.0,Detached,New,1.6754442593530419,High,7.486401658539488,2.0,3202.156051738397,Minor,679890.875539448
4304.320745537304,2.0,1.3,7.046802757464663,1979.0,Detached,Poor,5.3601089329940255,Medium,39.35211684279665,3.0,3958.733456901885,Major,1456073.3577239006
1864.2598894722812,2.0,5.9,3.0193406627775805,2000.0,Detached,New,8.314511097302233,Low,21.847349274968984,1.0,2618.602260521955,Major,1480143.441705654
2637.90384478152,3.0,3.7,9.822045983130938,,,Fair,8.937720398029128,Low,4.457488530427001,1.0,885.7362260936363,Major,1089977.511742088
1340.8110560655268,4.0,3.8,7.416927424760865,1964.0,Apartment,Good,6.851948839530345,High,15.951215425228732,,1453.0182328932144,Minor,1567158.847295365
3762.9671475260793,6.0,3.3,2.450157260573674,2020.0,Semi-Detached,New,7.161184917059228,Low,23.127715035875358,2.0,305.9812140672813,None,750085.0420199796
2759.893536333062,7.0,,4.277486587661,1991.0,Townhouse,Excellent,1.2140670899723027,Medium,11.825512588730858,0.0,3519.2543266096436,Full,994411.1834258871
3676.2726669274425,3.0,4.4,3.013248343132304,2003.0,Semi-Detached,Fair,2.9181897739776868,,33.87603884290252,2.0,3238.346004516097,Major,191815.8876262368
1938.7253207874726,5.0,3.8,1.7746366546274999,2014.0,Semi-Detached,Excellent,7.723151742808189,High,40.34896228650696,2.0,3403.085227276621,Minor,1119532.4525535363
2195.7324423431064,7.0,1.7,6.803513529041031,1965.0,Semi-Detached,,5.774533721078506,Medium,38.73888452512546,0.0,4888.2092845679235,Major,836531.9903361056
4534.2736975387725,1.0,3.6,1.9396741322222093,1991.0,Townhouse,Fair,6.282730480559062,Low,,0.0,301.02974816331675,Minor,226380.56039789898
1644.1503350939051,,2.2,4.565501253875005,2014.0,Apartment,Excellent,8.293488247745563,Medium,22.799915758249945,,325.38647617625315,,276456.0155598504
4563.597506325921,5.0,4.2,7.025636055847856,1993.0,Semi-Detached,Fair,7.025294303033558,,46.33267945028799,2.0,3691.941876604912,Minor,1349133.0034013109
840.9303531071419,6.0,4.3,2.4511484914625665,1950.0,Semi-Detached,Fair,4.77908700330698,Medium,5.725150262024542,3.0,4863.80873738851,Full,1512484.3818500312
1215.0094133513971,4.0,2.5,8.957329777354818,1999.0,Townhouse,New,9.766159240086012,High,25.54463076357361,1.0,,Major,286916.3528420534
3484.181393138343,7.0,1.5,2.6643889624410395,2010.0,Semi-Detached,New,3.175853974916075,Medium,16.054406356311397,2.0,,Full,1572263.4396597818
4973.801576537765,4.0,5.0,6.495648828498875,1984.0,Semi-Detached,Poor,4.059362417132956,High,22.268387918911504,1.0,3046.9394489610586,Full,1740766.0871773325
4702.157391215426,1.0,4.2,9.314105804068513,1967.0,Apartment,Good,7.008445354759629,Low,31.995122812634463,0.0,4661.977891211111,Full,1175649.9863940573
2787.8577231864974,4.0,4.0,1.8583210059963757,2004.0,Semi-Detached,New,3.08830935804714,Medium,28.89745929033456,2.0,998.1048268264698,None,1028584.5225162039
2875.203065674946,7.0,4.0,1.9446078805775149,1997.0,Detached,Good,4.4245503120871295,High,35.67581704246274,0.0,1810.5277399055892,,974120.1722544108
3080.436105834499,2.0,4.6,2.1312576423313976,1993.0,Townhouse,Good,7.221981993865891,,0.9161246208754692,3.0,3063.757124352528,None,663648.9659970623
4065.20614522112,5.0,2.1,4.217759791855947,1960.0,Detached,Fair,4.042723462576097,Low,24.01769807096896,,993.0966690673232,Full,1804548.298279103
2978.665285875969,1.0,3.0,7.044310296736767,1966.0,Townhouse,,1.515047622493832,Low,34.58051250521594,1.0,4170.733113115079,None,1750624.0597727166
,1.0,2.1,5.84766319774423,1988.0,Semi-Detached,Good,6.039916134201885,Medium,39.72308339637041,1.0,3989.6196602227037,Full,1071929.9225644332
4272.231263730617,4.0,1.4,3.683673312406152,1986.0,Townhouse,Poor,7.931120170342577,High,,3.0,,None,560625.5869498892
4483.965872189858,1.0,5.5,6.562561961859629,1990.0,Semi-Detached,Excellent,7.685665528592416,High,15.850997071932959,3.0,3100.525476890091,Minor,1829490.851796401
4630.968774957179,1.0,1.2,5.018467124639315,2004.0,Apartment,Good,6.5898086075259155,High,29.256179735096932,3.0,1096.0093401526606,Minor,1489600.5394860709
2392.7790289734985,2.0,1.2,4.173803501773895,2011.0,Detached,Excellent,,Low,19.266261182601657,1.0,4349.996600315483,Full,1663379.2661854774
1495.725857936755,5.0,2.6,4.442042523274871,1982.0,Semi-Detached,Poor,2.793937267829632,Medium,19.50856175164562,0.0,2887.8484306743785,Minor,1672660.210012767
1037.315499673374,1.0,2.6,4.234128293596332,,Apartment,Excellent,7.605608110230037,High,8.086417819501268,3.0,1059.5209698495678,Minor,458904.4501330753
2860.828974949173,1.0,1.2,5.605769521407344,1987.0,Semi-Detached,Poor,1.4493592929838277,Medium,10.955474862873377,0.0,3684.605675836731,Minor,202700.97224491386
1748.510978663635,1.0,4.8,4.422193839110488,1965.0,Detached,New,7.660477571535494,High,14.045867024827007,1.0,158.37027336392197,Minor,1059942.0400588685
2422.7926575193505,,1.6,3.8755445045014922,1983.0,Townhouse,New,1.4563605808166509,Medium,,0.0,1090.1346693351015,Major,985556.1066517294
945.5054084656838,3.0,1.4,3.8892170404455895,1985.0,Detached,Good,7.943325287712512,High,20.765430817695012,1.0,1134.2068951125616,None,710655.7216516744
1396.5405983710923,6.0,1.4,2.9709521194967543,1964.0,Apartment,Fair,8.964377528700753,Low,10.516814997690698,1.0,1458.3156894160459,Full,1474405.3057659587
2472.867926742984,2.0,4.2,2.8882027714947576,2005.0,Townhouse,New,8.461366077956013,High,,2.0,171.87145539505954,None,1252780.3121040913
1303.5718507640395,6.0,1.8,3.57457386283508,2006.0,Townhouse,New,4.1369117294944475,Low,28.071516115952445,3.0,4212.879096854546,None,831959.90410633
1513.407723536527,5.0,,9.750311890664394,2022.0,Semi-Detached,,9.776192660698412,Medium,10.275241485241315,0.0,,Minor,1027564.2773356737
589.6810341212476,3.0,2.0,2.837561623824358,1960.0,Detached,New,5.6657146233398805,High,29.493526335437924,1.0,4145.989953475522,Minor,1124766.1235053628
828.7652354153952,1.0,5.2,5.001253109272109,2017.0,Apartment,Poor,4.413135784952383,Low,27.261900822672846,0.0,901.3418886832841,,1887450.8767859542
,4.0,1.9,9.176817635326243,1981.0,Townhouse,Good,6.240823663332423,Medium,16.829309031805384,,4204.892770465956,None,1083834.6820590757
3454.603568735989,1.0,3.1,1.1035283200042154,2016.0,Detached,Poor,3.744398612625882,Low,11.716943649085486,3.0,145.46143312369531,Minor,1343559.6058339437
1174.99259748461,2.0,3.8,6.443759155169519,1955.0,Detached,New,2.6047650362513264,Medium,21.83430621894341,3.0,3922.4041101317634,None,
4462.680224588985,1.0,5.4,8.831713324665646,1968.0,Detached,Poor,2.4700760683458314,High,16.78356522479592,1.0,2663.9970813919895,Full,1461853.1367955932
4034.2544660716608,6.0,,2.5079552794207034,1966.0,Detached,Fair,2.5251281380957047,Low,16.683075797531117,1.0,1081.4788474655845,Major,1134352.2013801183
4177.842357760315,7.0,4.1,8.314460683534154,1997.0,Semi-Detached,Fair,3.0546411128117557,,47.10395934003793,1.0,2032.4474276461196,Full,
2084.5630631264635,7.0,1.2,6.814956720185052,2013.0,Semi-Detached,New,8.978104891411757,High,29.526123556666672,1.0,485.43807275922944,Full,313246.33511780173
759.6871099691859,4.0,4.9,8.391546521309063,1954.0,Apartment,Good,4.642404204553944,High,33.01565188910476,0.0,686.245045105312,Minor,1593403.0612340006
844.1059706691257,7.0,3.6,1.6382977857276364,1985.0,Apartment,Excellent,1.0008811062562692,Medium,9.683147028592016,2.0,1835.4344628964225,None,1595658.3512031855
3603.766215387016,7.0,5.7,1.6387496560124846,2006.0,Apartment,Good,3.7349270084965664,Medium,20.01310586071034,2.0,2062.126688330236,Minor,1946676.473182576
4654.168084422942,,,,1992.0,Semi-Detached,Fair,9.964928337510246,High,12.921467362620476,3.0,3880.049669988263,Minor,1071610.5437625526
1288.777753909068,2.0,3.0,9.810714411154105,2022.0,Townhouse,Fair,7.625774984079038,High,46.3002968101346,0.0,,Major,1433577.0368801313
4389.209237024398,3.0,3.1,8.914545818127262,1951.0,Detached,Good,5.534560310819158,High,22.934790408253374,1.0,1200.5681977695222,Minor,1958041.880921872
3438.4455194343664,4.0,1.0,6.151275844389537,1994.0,Semi-Detached,New,2.1462190099519876,Low,45.74344264713968,2.0,919.4028918726104,None,1263236.218695403
3545.1061566327926,5.0,5.2,5.755984882191436,2019.0,Semi-Detached,Poor,5.100178699003741,Low,25.11547540365281,2.0,841.5541134795978,Minor,1666662.4772950304
3639.3588978926136,3.0,5.0,3.2958465741190706,1983.0,Semi-Detached,Fair,6.756992651894246,Medium,48.749157277568514,3.0,2953.6258050838887,,880376.4350367126
780.0324808938159,6.0,3.8,2.9071389107942154,1971.0,Apartment,Fair,9.268901699425278,Medium,34.4883413938657,1.0,2902.6701959580437,Full,454179.1068828995
3217.248604007612,7.0,2.9,3.1105394829146,1957.0,Apartment,Excellent,5.427854144278633,Low,29.07035343772742,3.0,524.6465130565331,Full,1701690.9286903602
,3.0,5.0,7.570558543429367,1969.0,Apartment,Poor,5.932886018485053,Medium,32.504331922942285,3.0,1702.011999537313,Major,917749.7842811185
4264.635017574444,1.0,4.1,6.706207470830179,2007.0,Townhouse,Good,6.1093513025312465,Medium,5.014533857870052,2.0,4371.91799904814,Full,1513354.6167713867
2426.5908793908034,2.0,1.9,5.515977391406981,1987.0,Detached,Fair,9.557103681041921,,31.28148110636304,0.0,4711.404470488517,None,1099267.0007614968
2792.838366524767,7.0,2.2,8.502032240198368,1958.0,Detached,Poor,4.049913609023269,Medium,15.129365838435454,0.0,4859.622245517923,Full,
3112.130965433982,2.0,4.0,1.533672527175311,1968.0,Semi-Detached,Good,8.744940549810032,Low,38.74749463707163,0.0,3468.1077848952173,Major,197883.55040519076
3140.3039183487313,5.0,4.4,1.3260244370454535,1981.0,Detached,Poor,4.882123031954073,High,20.10052314712278,1.0,188.60000689629896,Full,1561111.5696774172
2299.822896857635,6.0,1.6,8.386356220954482,2011.0,Townhouse,Excellent,7.667582436001592,Medium,43.60530077395912,3.0,2425.871414848063,Full,710385.3949310749
1248.0341334942314,5.0,5.2,,1985.0,Semi-Detached,Fair,5.348009471499255,High,18.202626316110532,0.0,1215.959257206427,,842764.675460405
1631.2161418559006,7.0,3.5,6.989871214392105,1970.0,,Fair,5.988527448926156,Medium,14.19108677419238,3.0,4439.835986777682,Major,764138.0019594227
2355.835421917971,3.0,2.0,4.63797487551138,2015.0,Apartment,Excellent,3.9623215717594107,High,25.253764029198255,1.0,211.69810535510146,None,1418896.788119843
3288.8202269670232,5.0,3.8,4.9470473997523765,2020.0,,Excellent,4.731828343209,Low,22.917307868863013,0.0,564.747625082458,,1455150.8071373205
2545.2771004442507,2.0,5.4,1.2026542963947486,1991.0,Apartment,New,5.728098378679912,Medium,2.828550347422476,2.0,1431.1533866654424,Major,1649129.8525837325
4062.365878946582,2.0,1.3,5.773811831838291,2006.0,Semi-Detached,Good,,Low,38.419666946799985,0.0,3504.290826187506,Minor,1385578.3241720283
3087.7594878208292,3.0,2.1,1.3189820449514964,1962.0,Apartment,Fair,4.33275149691037,Medium,19.54558684117775,,4680.986257515599,Full,
2042.0429640129064,3.0,3.8,4.162749196723343,1985.0,Apartment,Poor,8.507628534935817,High,22.945999436295576,3.0,1940.872968387114,None,558533.9990846057
2737.107849673003,4.0,1.0,2.2303337258687304,1958.0,Detached,Excellent,7.471572396673109,Low,35.53763047065227,0.0,1708.2173316924138,Full,1040602.485043004
2117.007728563198,6.0,1.9,2.9605065862369306,1990.0,Townhouse,New,5.063785441351007,Medium,2.414940097675311,3.0,3913.5245435138595,,1941085.513680438
636.498342873949,7.0,2.2,9.167492195393631,2021.0,Detached,Excellent,7.614316747867645,Low,12.58147708737593,0.0,4491.042383625648,None,573774.152413685
1764.8107905299862,2.0,5.4,9.724057038966247,1975.0,Townhouse,Excellent,1.0600826045814133,Low,11.015212118182205,0.0,437.9679736762804,Full,
2528.968017670499,7.0,3.6,1.2976845081678168,1987.0,Semi-Detached,Fair,6.341980414408454,Low,26.348783917048085,3.0,4930.570188274129,Full,696705.2893691767
1648.7941480542936,5.0,4.2,9.226120622334529,2003.0,Semi-Detached,Good,5.728785295935605,High,42.765622861241695,1.0,2548.713421052586,Full,967284.0888466768
3738.027924838387,6.0,1.0,8.660749069127126,1963.0,Detached,Fair,5.630670066042646,High,23.865863671531557,1.0,4971.234345588966,None,1122109.480038451
4379.52178196185,4.0,2.9,5.64590756064384,1966.0,Apartment,Poor,6.431820039856698,Medium,15.35628201662902,2.0,63.59735299364788,None,1619109.1825658698
1836.271976673057,1.0,3.2,5.353194140981968,2011.0,Semi-Detached,Excellent,8.221967215718749,Low,5.109862627364958,1.0,4454.897131233294,None,1277612.6113074764
608.9799620125084,6.0,5.2,4.482933068077296,2021.0,Townhouse,Poor,1.4146390770617256,,0.1346409745022037,0.0,493.5317974582204,Minor,101917.62011774977
4439.9055783519025,5.0,2.0,6.880732180391959,2011.0,Townhouse,Poor,2.33949841264136,Medium,14.138415768286622,3.0,3888.9863615343356,Major,739403.0030826553
3098.26340383833,1.0,1.3,2.642248188185404,2012.0,Apartment,Excellent,1.0864148680863854,High,,3.0,1.4488326173367483,Full,757142.6748877333
526.1760173878481,7.0,5.1,1.6680555470535225,1959.0,Semi-Detached,Good,3.139969981850551,Medium,,3.0,681.7337261687906,Full,1031484.8448641323
2749.6037021772054,4.0,2.1,9.81830063782815,1964.0,Apartment,Poor,9.798886017851325,Medium,22.958506973421112,1.0,804.7745608858592,Full,1823329.7929139158
935.391135970938,2.0,4.5,8.390825889637329,,Semi-Detached,Poor,4.361057775882857,Low,21.98724474964698,0.0,3035.87640619334,Minor,
,,1.5,4.420538260169633,1972.0,Townhouse,Poor,6.191170052328515,Low,,0.0,,Full,973702.0177031447
2902.2344406658863,2.0,4.4,1.5905595502411507,1983.0,Townhouse,Excellent,9.910928838760997,Medium,33.54334521024233,3.0,450.17453435511277,None,1478748.1907765039
4609.351979605233,1.0,3.1,9.61529657865801,1972.0,Townhouse,Good,6.645478354090848,Low,18.595374238847885,0.0,2029.46107329042,,772081.7788950951
2277.7433133508466,2.0,5.6,1.4625035569231892,1971.0,Apartment,Excellent,2.5397980734646124,High,40.997728614184695,2.0,3508.8680416922853,Major,646247.3686495452
4656.379559159108,3.0,2.0,1.0236844758491985,1991.0,Detached,Excellent,8.245447682894149,Medium,40.04909012492367,1.0,4547.733243509339,Full,979001.8004073073
4264.111599836771,7.0,1.3,3.5978838827073534,1978.0,Detached,Good,5.96747182750943,Low,11.57417338164069,0.0,947.734356003122,None,1708030.7270067048
3886.0174697101966,6.0,3.7,7.7073000696317395,1998.0,Detached,Poor,9.958226537950551,,5.64101942645841,3.0,2123.735767924682,Major,
,4.0,5.6,8.606517445827064,1966.0,Townhouse,New,7.79560347749122,High,45.24321858166813,1.0,1140.1153064808466,Minor,997515.4311985206
2364.3387081008573,5.0,2.0,6.264137822638973,1977.0,Semi-Detached,Good,9.953332819136998,Low,8.5669691890277,3.0,184.48337120416213,Minor,399589.3998808553
2275.96334195946,4.0,5.2,5.141547625233706,1989.0,Apartment,Good,9.017038456874198,Low,32.423554582636484,0.0,,None,1511187.2652063393
,7.0,2.7,1.134287992176491,1972.0,Townhouse,Fair,2.639276934193277,Medium,,0.0,,Full,788190.1169746921
,6.0,1.5,4.132072908371473,1993.0,Detached,New,7.732623732060165,High,0.25724050332874837,3.0,4107.9692091424595,Minor,1535121.9792746264
4090.637804980905,1.0,3.9,1.7545340109965268,1950.0,Detached,New,5.482900556371563,,13.317020794500051,1.0,4452.52697490741,None,1943954.7108716806
3848.2585774693366,7.0,3.6,2.97418565209056,1991.0,Semi-Detached,New,2.1679418858476236,Medium,14.416532565893881,0.0,1766.9245343479938,Major,272622.7796324834
3122.7762279312315,7.0,5.2,1.6168713223354396,2015.0,Apartment,Excellent,6.110445600360625,High,34.502065914035576,,3541.43787639285,Minor,1738192.3484545774
2107.5427790061012,1.0,1.5,9.070353054778792,1966.0,Townhouse,Fair,1.8431724010646833,High,32.27178850299065,1.0,2889.507410544928,Major,417316.68067866896
3626.6103461822595,2.0,4.2,7.371494860010734,1962.0,,Poor,7.858112348110867,Low,27.653779695208925,3.0,3850.258590188032,Full,1750926.4102442747
2879.9948242947676,1.0,4.1,5.088784602502244,1956.0,Townhouse,New,4.25118425082135,Medium,45.642527781436335,2.0,731.5943943191122,Full,1481797.144228565
4278.850542449136,5.0,6.0,,1975.0,Apartment,Poor,8.280417283175742,High,49.35074675257626,0.0,4064.94797477366,,
1730.1661227083898,4.0,2.6,2.876703948654057,2007.0,Semi-Detached,New,7.1404968819944745,High,3.3959495891634495,0.0,3013.576438821613,None,966581.2497896559
959.399026043008,5.0,1.2,9.582425848414296,2020.0,Semi-Detached,Poor,8.905279799098047,High,43.57951912151894,3.0,3837.306871612307,Minor,652911.5015373682
514.466190575541,4.0,3.1,1.667914605249516,2022.0,Semi-Detached,Excellent,2.672879367323647,Low,10.666069223579044,3.0,2099.989840601701,Minor,1428403.6075116051
3843.6308230799755,6.0,3.3,8.197411797088883,2011.0,,New,6.805914775800551,Low,7.707357106179019,3.0,41.19864738046264,None,1804070.29611359
3196.9653983850003,6.0,2.8,,1990.0,Townhouse,New,8.774885992701607,High,39.05103944705138,2.0,4589.831271192648,Major,1207384.2725463775
769.6088064156104,2.0,4.2,2.1877707412979546,1993.0,Semi-Detached,Fair,3.050356508623647,High,31.652078365989162,0.0,3642.365420655898,Minor,658342.99332534
4279.661262456811,1.0,2.3,6.954405945387741,1957.0,,Poor,8.048931946475967,High,2.990331056038081,1.0,3453.7758941036395,Full,1462652.7478020552
2647.33059306666,4.0,1.9,6.718501052467131,2012.0,Semi-Detached,New,3.563635936602015,Medium,10.764606375886537,1.0,2366.3640869717283,None,582187.1222462965
2575.9206869024492,3.0,3.3,9.40771757338244,1956.0,Apartment,New,8.33957214263717,Low,35.599763772211645,2.0,219.29650048689243,,604946.9310245271
,3.0,4.6,3.4849837983208873,2019.0,Townhouse,Excellent,5.639703534746788,Low,0.5349596806641099,1.0,689.0833365472294,Major,1311978.0247859943
3355.9754466587165,6.0,5.5,7.895295105047487,1959.0,Townhouse,Poor,6.99536889818722,High,14.24937328601828,0.0,2192.7895722811477,Minor,280218.9432489495
1574.2660325634117,3.0,4.3,9.293939252473518,1976.0,Semi-Detached,New,4.326696876360775,Medium,22.56353187839698,1.0,3966.8686999503243,None,
3401.1995390963225,3.0,2.9,5.106549983579152,1952.0,Semi-Detached,,8.432813425611371,Medium,45.63010398601464,2.0,4449.010349569528,Full,799826.7127688816
4361.887623534598,6.0,4.7,4.7529598727848015,1979.0,Semi-Detached,Excellent,2.1084729154178756,Low,42.5187006542459,2.0,2289.073142103198,Minor,200535.517196059
2262.903991053322,6.0,1.9,4.317043909069637,1970.0,Townhouse,Poor,2.7410404509324344,,10.845554016031922,0.0,4974.909677638964,Full,1844248.3676917765
1803.9718392534514,5.0,4.8,9.854144170772749,1984.0,Semi-Detached,,1.8089811928029365,Low,15.304184975348011,2.0,4898.981516454184,Full,1881622.3512074288
770.4507971261997,1.0,3.4,6.474553760480064,2001.0,Detached,Good,9.546263080475226,High,25.919240898147994,1.0,1818.3313791204364,None,854884.8494432085
3223.0510220398432,4.0,2.4,9.30132172449889,1967.0,Townhouse,Excellent,,Medium,21.81103496340858,0.0,324.0888725562052,Major,801925.7551692923
3899.171489311596,6.0,4.5,5.044971909564503,2009.0,Townhouse,New,5.2974385191196145,High,38.464485448623286,3.0,2464.4265938004687,Full,331049.7814792141
4854.373381534934,3.0,3.1,8.939576676362035,1977.0,Semi-Detached,Excellent,3.7134086323396565,High,47.56235780564162,1.0,4897.421916035162,Major,1168812.9505694928
3253.812776204516,3.0,4.1,5.162778618311974,2021.0,Townhouse,Good,5.227325489419574,High,31.077703849287268,0.0,1829.1539868752743,None,760523.1768298995
2515.595538773528,,4.3,2.4188803642365277,2007.0,Townhouse,Excellent,3.115848318156377,Low,5.607010150284747,0.0,1757.2279311758355,,1701434.134549297
4708.268322037231,7.0,3.0,6.391630427543854,2014.0,Townhouse,Good,9.564805312792336,High,22.081575169998523,0.0,,Full,
1304.6681978278189,2.0,5.9,8.824723797711094,1954.0,Detached,Good,3.371085203698124,Low,27.358136706353292,0.0,4750.235527461898,Full,334092.2848063545
3687.805044146779,5.0,3.3,1.3083175263752373,2009.0,Detached,Good,9.329025968384283,High,47.75858015681603,1.0,941.4463990158195,Full,507678.82726189727
1972.9459026507334,7.0,5.9,3.5523459830063837,2004.0,Semi-Detached,Poor,5.393201222528827,High,17.255907326442056,0.0,2176.4304002373215,Full,324404.8837350975
4376.664986061014,5.0,2.2,9.516496088560691,2018.0,Townhouse,Excellent,4.934604854996474,Low,33.47704571286674,0.0,1022.3015958742982,Minor,357799.7345076949
3853.6048938251934,1.0,1.8,3.431904833300898,2009.0,Detached,Poor,8.234388775242323,Medium,0.5637868141975866,0.0,,Minor,227125.73176946898
2001.280291022699,3.0,4.2,4.585279195109349,1967.0,Apartment,Fair,5.4515887194297745,Low,21.83498865858201,3.0,2182.4570651454837,None,795566.6736217194
3986.7143836511896,1.0,3.7,3.9507847887049623,1984.0,Semi-Detached,,3.40212196473486,Medium,2.024128534452496,1.0,4029.6340713055683,Full,1251145.3237749988
,1.0,3.7,3.344196207757922,2017.0,Semi-Detached,Excellent,4.9161917226343075,Medium,,3.0,38.74598632522597,Minor,1929891.0774771434
1635.56917614818,1.0,6.0,4.528609854627449,1969.0,Apartment,Excellent,4.956764868535308,Low,23.46455572166747,2.0,2425.2199362131432,Full,906207.0023980212
3072.6267413073224,1.0,1.0,8.665995381786246,,Semi-Detached,New,3.6564817229376505,Medium,29.06732319385502,2.0,2529.611626325189,Minor,1908519.0675748321
2388.3341673638724,4.0,3.3,,2013.0,Apartment,New,4.783542798862763,High,43.83337257531284,2.0,379.9654694948834,Minor,280560.33714378055
4666.437171542605,4.0,2.5,7.3298727243395865,1978.0,Apartment,Poor,2.0810431910519034,High,9.240246289761911,0.0,4891.674394728526,None,410163.51510685525
4875.346576533052,6.0,3.1,3.212951646210657,2013.0,Townhouse,New,9.461426029695138,Low,15.431383386719977,2.0,,Full,863731.3220031478
967.1163039859589,4.0,5.7,2.6287148314952784,1950.0,Semi-Detached,Fair,6.7598437589694775,Low,27.860850630391848,0.0,4533.11282888708,Full,
2969.5038151833137,1.0,5.0,8.263409404698013,2014.0,Apartment,New,2.738700474155983,Medium,10.633198381389237,0.0,1146.5238832125312,Full,132828.1514568719
2888.955184989398,3.0,2.0,2.1504012814186355,1992.0,Townhouse,Fair,8.10474022239227,Medium,,0.0,2623.1339752753215,,212533.60582125033
4409.025999472719,5.0,4.5,7.960757426831334,2021.0,Semi-Detached,Poor,3.3973276115097635,Medium,43.69677794136821,1.0,4001.119802004714,Full,718870.1106680761
4005.892628525377,6.0,3.9,6.728217393964065,1990.0,Semi-Detached,Good,6.366386131725182,High,44.34345630753194,1.0,4748.946493769033,Major,695633.2825012964
1792.0045734450016,3.0,3.0,5.826540562656939,1967.0,Townhouse,Fair,9.22976506300153,Low,,2.0,2007.4332055155191,Major,643286.2762291982
2848.907707988007,1.0,2.7,5.145182550336948,1957.0,Townhouse,Poor,7.887455867957775,Medium,49.81241763230352,2.0,350.4859083302908,None,1094016.0971897733
2201.7845907586984,6.0,4.0,5.8186669416336985,1974.0,Detached,Excellent,2.0982405145829697,High,41.30994652654252,,114.93885287747918,Major,477477.96411664994
2089.292410846294,2.0,3.3,2.127177498557608,1989.0,Apartment,Fair,5.912273258509197,Medium,24.799361320802255,,4369.0230140962085,Full,1061701.8713269182
3789.3112193854313,6.0,3.7,3.2188373339456042,1997.0,Semi-Detached,Fair,7.369048027448289,High,36.937844739733286,1.0,2393.5642168328145,Minor,196412.8180313431
3197.296499187952,4.0,4.9,1.1713583229842084,1971.0,Townhouse,Excellent,2.8181715393471154,High,4.792815299767883,1.0,749.7448713090682,None,1045998.7641654564
1395.17143569431,6.0,5.8,7.291077765074024,2020.0,Semi-Detached,Good,1.9048834688533964,Low,45.90250297405783,1.0,2320.6979329306737,Major,1521406.8562365843
,3.0,3.1,8.17915601498356,2013.0,Apartment,New,2.332216820390671,Low,49.20848955521285,1.0,1112.201738052251,Full,1853225.0213798438
2586.4991725169616,4.0,3.1,7.2062504519368416,2012.0,Semi-Detached,Fair,9.668936086454867,Medium,42.850403690730424,2.0,3497.3041191355087,Full,1800945.7113894105
,3.0,5.2,7.378314274117094,1979.0,Detached,New,8.60544729618784,Medium,1.7796599542093006,2.0,2036.999410966046,Major,1329366.021077039
799.3834278898223,2.0,1.6,8.771529811837503,2017.0,Apartment,New,8.721463898551818,Low,8.260389589562495,3.0,3640.691424312571,Full,1966541.112241587
4679.115892176883,7.0,5.0,7.318691326904603,1985.0,Apartment,Fair,3.2161343966153066,Low,5.275149113906047,3.0,3825.0244779646787,None,796324.2731166823
4377.562618432767,7.0,3.0,4.154372279813046,2008.0,Detached,Fair,6.0241434105625284,High,,0.0,1871.084403238764,None,1416969.4168573183
,6.0,3.1,3.1540396943086337,1968.0,Apartment,Fair,5.388141330691511,Medium,1.9061353933170044,3.0,3316.013734340698,Major,1979513.8213551831
3003.5409612292874,3.0,2.5,4.694001291789183,,Semi-Detached,Poor,8.508755643006625,Medium,47.16748910775644,,3868.7545132027963,Full,
4391.039834343152,4.0,1.6,5.168869883300013,2006.0,Townhouse,Excellent,4.7956936846892635,High,29.252463731121832,3.0,255.2135940211997,None,592279.2871637675
2837.5086228305586,2.0,4.7,3.454740583213189,2002.0,Apartment,New,5.841038185617502,Medium,28.37640795706981,3.0,965.6103729938143,None,1644143.9564077868
1138.1831223380009,4.0,5.5,3.6436771492704336,1964.0,Semi-Detached,Fair,6.229788303569898,Medium,22.30041682793814,1.0,4911.457339976755,Major,765570.2448560324
2636.095546051883,7.0,3.5,7.38842770443474,,Semi-Detached,Good,4.3421600944748775,Medium,16.89292146984495,2.0,36.03436768560786,None,635854.3304079287
1912.9777119912605,,2.0,2.8660388860042927,1984.0,Townhouse,Poor,1.3054361647970474,High,24.21452583754236,3.0,1564.6581253886034,Full,1672111.902415289
2560.2034580428667,1.0,2.6,7.907057015595887,1953.0,Semi-Detached,Fair,5.457115210817467,Low,25.876504582667103,3.0,3910.942301041404,None,862102.4369933025
4315.93750064896,5.0,1.4,3.3159043168310536,1981.0,Apartment,Excellent,,Medium,34.78893025390012,3.0,1581.538089028483,None,1326557.0444341823
2339.653234693236,7.0,5.2,4.65790820229328,1990.0,Apartment,Poor,1.367648433233525,Medium,8.262507612706942,0.0,4097.1183190007405,Full,1748996.8435795822
4097.287694789629,1.0,3.6,3.4800684745796824,1959.0,Apartment,New,5.376551923769887,Medium,28.761438934209888,1.0,661.5529076600724,Major,390093.9384626349
,7.0,5.9,8.394420784752832,1992.0,Townhouse,New,5.600290339267226,High,28.956512581472026,0.0,4383.952374555539,Major,1268394.304491319
3171.7869491521687,1.0,4.9,4.547257307267605,1992.0,Townhouse,New,,Medium,18.34946909167987,2.0,2363.54061392732,Major,441575.01382976334
2417.3304046722924,5.0,4.6,9.806792384050361,2013.0,Townhouse,Fair,2.295966752273525,Medium,48.21447024591295,2.0,184.45661723144823,None,1247272.5313178895
4878.931685670451,2.0,3.2,6.4067677314209694,1966.0,Townhouse,Poor,9.428760232753651,,37.25513929620909,1.0,3116.533887744505,Major,1032262.9971644374
503.42178589277756,1.0,2.7,,1960.0,Detached,Excellent,2.71344382145967,High,,1.0,1386.2927830879778,Full,1759021.324141957
2136.5010504544907,3.0,,8.33626705130509,2007.0,Townhouse,Excellent,3.809085803277863,Medium,43.656365403309536,0.0,3502.10562584553,Full,1811594.4407064384
4160.205782664241,5.0,5.9,7.203251970842542,1991.0,Townhouse,Excellent,3.679053121759355,Low,16.945511216721904,1.0,4513.674084881459,Full,1563863.5436427172
2261.774522622014,3.0,2.2,3.3050709878979267,1994.0,Semi-Detached,Poor,6.918201065743179,High,10.633508814648968,3.0,418.2401485627357,Full,1294468.9321934506
1478.7935744862539,,1.7,3.4165656572235967,1998.0,Townhouse,Poor,6.777673710238475,Low,21.914329682152932,2.0,,Major,637676.5461417788
4339.751544780282,7.0,3.4,5.4300613936165085,1980.0,Detached,Good,9.214513853904952,,29.877370513288596,3.0,1955.5708924308467,None,1026884.1872662078
3162.7737117498373,2.0,3.6,6.997753058840779,1963.0,Semi-Detached,New,4.625035610001057,Medium,27.880028551004767,0.0,4799.52001534558,Major,393704.0515160128
3004.9253469949135,6.0,1.9,9.097255345500825,1960.0,Detached,Excellent,8.020639271186518,Low,,1.0,2027.7241137408953,Major,115142.64252185058
2303.745518709843,6.0,2.7,2.496758189439638,1965.0,Semi-Detached,Excellent,4.396818481990968,,13.434699503944708,0.0,566.4044312596506,Minor,1177402.635393259
1209.2828306364106,6.0,2.5,2.5059353013712053,1991.0,Detached,Poor,3.160402361451485,Medium,46.28685310365393,0.0,1488.2083960674775,Major,598096.4729603669
3090.166409284971,5.0,4.7,7.2744466162737975,1951.0,Semi-Detached,Excellent,9.02149491646357,High,4.055119999947299,0.0,96.58547008067508,None,630904.3774931026
2773.759826730921,3.0,3.4,3.860637597671964,2000.0,Semi-Detached,Good,5.3529572504031,High,25.20251456334354,1.0,955.9315569842097,Major,438772.3205474497
2309.4401815147403,4.0,4.9,3.043796238208191,1989.0,Townhouse,Excellent,4.514598528119236,Low,23.733388525390613,2.0,3048.5969417235315,Major,247284.91220775817
845.9729952520618,1.0,1.5,7.187208172420909,1967.0,Apartment,Poor,9.150672728721593,High,,0.0,843.8976986380137,Full,572643.5223581977
3429.322830502211,4.0,2.6,1.5443443816876676,,Detached,Excellent,9.454670509680525,Medium,39.18045582648509,3.0,4585.8203480301445,Minor,545672.4186565238
3342.814629585661,4.0,2.5,5.782285646581709,1959.0,Townhouse,Excellent,5.062857443671663,Medium,46.12909343583178,2.0,3566.451176899032,None,884099.9661193426
3015.840758160442,6.0,3.3,6.765439987539376,2018.0,Semi-Detached,New,1.1771048128118862,Low,49.86367619506164,3.0,3441.1173586549417,None,244748.69055561192
1091.6954786879555,5.0,3.0,4.462353902144546,1950.0,Townhouse,Good,1.2921605297046628,Medium,6.13702258928977,3.0,2236.1351390637415,None,981726.265056519
1862.7711154424178,4.0,2.3,2.1313203828934455,2010.0,Townhouse,Fair,6.481300691102379,Medium,2.142794184232555,3.0,3901.6818045111754,Major,204804.40485440067
2614.3617049251384,6.0,,4.083169441808629,1964.0,Detached,Excellent,8.668184584818123,Medium,13.76501206178991,0.0,937.2288929465694,None,472000.6874324552
3805.1647101060016,6.0,5.5,4.8811663117771324,1972.0,Townhouse,Fair,8.87714181521844,Medium,34.125124339462694,0.0,2217.029257185496,Minor,1702203.6600929098
,7.0,4.9,,2003.0,Detached,Good,9.110331874358089,Low,20.226476114078434,3.0,4969.1089602597,Minor,221185.77972521627
4103.826974032763,4.0,4.5,5.395806780247983,2017.0,Apartment,Fair,8.267635735186786,,23.295261062124677,,1433.7776155505555,Major,299019.48410255974
,1.0,3.9,4.049365862712654,1975.0,Townhouse,New,8.850246681355458,High,49.971098053821855,0.0,2025.6859126253862,Full,1210257.6571930887
3495.6262065351198,6.0,2.7,9.100121382453674,1992.0,Semi-Detached,Good,8.574793011281429,Medium,24.56678529933607,3.0,1101.67782508663,Full,599462.41400002
4716.186634196967,7.0,5.6,1.5787036582615999,2010.0,Townhouse,Excellent,,Low,45.767324593201515,3.0,379.16595667182804,Full,1569455.551218844
3713.827373112172,7.0,4.2,7.029596552926556,1965.0,Townhouse,Poor,3.9472131618464177,Low,20.58354505975386,3.0,2017.5247817411846,Full,911792.9396360645
811.6845713781935,2.0,5.4,7.49734376421331,1959.0,Semi-Detached,Poor,4.543303325932072,High,22.00760460588348,3.0,726.3246387777111,Major,1188268.9543578152
2193.920160059708,7.0,3.3,6.480493062445069,2004.0,Townhouse,Fair,3.853484829206767,Medium,38.573592402491855,2.0,2558.202090726103,Major,310089.15872207086
3101.7234752016593,7.0,3.1,5.696440610425413,1992.0,Townhouse,,2.3911458788127353,Low,45.07245341044979,3.0,3763.4745418355205,Major,1425078.3690951108
3529.6383967134852,1.0,1.4,2.03746116468566,1995.0,Semi-Detached,Good,3.9885556939005125,Medium,40.64690779627825,0.0,4240.670220226349,Full,1898758.8907619268
2051.690669696447,7.0,2.7,6.47361301829358,2006.0,Townhouse,New,9.166616480105388,High,23.57228083645569,1.0,840.0887584629319,Full,1925227.9184093678
,1.0,2.9,6.0996945274592065,2014.0,Apartment,Fair,9.739724565223614,Medium,34.901767581106654,0.0,4508.175196343717,None,1333741.9207435327
2191.943938007766,5.0,3.5,9.215455769166013,2009.0,Apartment,Excellent,2.3543341018913013,Low,13.188713138084312,1.0,1797.4010564440284,Full,256724.14120364
3640.940798427091,6.0,3.4,8.849633607414727,1977.0,Townhouse,Poor,6.958195324748008,High,3.8591984301111273,2.0,2239.4270535094347,Major,1731570.112178037
4611.139865719851,2.0,5.6,1.1848003172484571,1955.0,Semi-Detached,Excellent,9.70261068620893,Medium,7.900917883050745,1.0,2912.4040950689973,None,1987346.9100076286
4002.087515359178,3.0,3.5,9.86133343593115,1973.0,Semi-Detached,Excellent,2.860040299590988,,1.203481621314939,3.0,745.1278550282198,Full,355763.14934778435
1684.222811831545,3.0,5.2,6.088987189464016,1994.0,Apartment,Excellent,8.560391927080056,High,22.225670640044388,0.0,4208.142657757625,Minor,1675250.0310365073
2930.473926234403,4.0,1.6,9.243853441872382,2019.0,Semi-Detached,Poor,3.6683424136401834,,32.782897086157305,2.0,3946.64207761752,Major,
2651.5627731207096,5.0,3.9,2.3431034487413815,1950.0,Semi-Detached,Excellent,4.6930073585607115,High,1.671250478454639,,2364.593965219671,None,
569.8771414432184,2.0,3.7,7.267318882511436,1978.0,Semi-Detached,Good,9.246259036317168,High,2.5907753719855817,2.0,1587.9498778146672,None,1857036.881012901
4722.721117630442,5.0,1.8,,1954.0,Townhouse,Excellent,1.5229953101244722,Medium,26.04083054116801,0.0,2484.7641701176203,Full,1870955.0845905787
2596.839962595838,2.0,2.2,2.207153260419479,,Detached,Good,5.036775900754437,Low,46.97889605726726,1.0,3271.691285826637,None,1149986.1675246684
4744.21229129073,2.0,3.5,1.2044807760016476,2003.0,Apartment,Good,5.551431331552477,Low,7.069142979195108,1.0,3501.6683137170708,,1879144.8160222585
3488.8714658531776,1.0,3.6,2.9465010731808485,1957.0,Semi-Detached,Fair,9.108496590944416,Low,33.92528537280306,0.0,2188.465493652623,Minor,171764.69235780337
3686.8648461205207,2.0,5.5,1.150488774446508,2020.0,Townhouse,Fair,6.164031632903138,High,32.72271495847322,3.0,132.7574814220528,Full,1403726.623160353
2421.430924998624,2.0,1.8,6.380052675437648,2019.0,Semi-Detached,Excellent,9.505763331504435,Low,15.297355744367946,3.0,3565.1298464316005,None,913692.6415843322
,3.0,2.5,3.7443339291125204,1957.0,Apartment,Fair,3.860908983670166,Low,3.794723994939747,1.0,,Full,1152277.2111812066
1334.4565726249207,7.0,2.2,9.582998484684552,2013.0,Detached,Fair,5.4428689687448095,Low,30.459291995432896,1.0,4394.161449577511,Major,467717.2414525186
4816.21118915555,4.0,4.9,6.693208359906708,1975.0,Semi-Detached,Fair,1.2044263683290064,High,22.162841671720944,,2108.2916498912946,None,483370.36215006665
3273.4011797965836,3.0,2.1,7.873415878835029,1950.0,Apartment,Good,9.899053049175327,High,15.597931498983664,0.0,3978.652610488742,,1485837.9878940585
1995.5513818852728,6.0,5.5,4.9038927479581185,1976.0,Apartment,Good,3.0995541339296784,Low,39.005593180916065,1.0,1836.0225584417994,Major,1559299.796957166
3827.1035115203376,,5.7,3.4047649526856434,1980.0,Apartment,Fair,9.359322156711263,Low,,0.0,1854.2074624123577,Minor,1316693.7767890554
3853.1840203319043,1.0,,7.906268746056055,2002.0,Semi-Detached,New,4.602046460450403,,30.85417992406152,3.0,3812.817054249989,Minor,756754.9372730493
3985.533935546163,5.0,2.1,5.209173886067237,1997.0,Apartment,,2.4868237841249625,Low,12.811959935445316,1.0,2697.60737111283,None,1441531.6461436867
1820.6325624760484,1.0,2.9,9.99599546912683,1959.0,Detached,Good,4.778827263579437,High,3.9152721523479816,0.0,1281.720201137988,Major,1084122.0834276525
615.533589243245,4.0,5.3,6.33291045927768,1977.0,Townhouse,New,3.9160574623254742,Low,7.756936305789003,1.0,4197.4714178744825,None,1432031.4431230188
4501.476856760599,7.0,1.6,8.606422373938955,1961.0,Apartment,Excellent,9.566295977275509,Medium,18.381363800935308,1.0,,Major,
4088.927005526515,2.0,2.7,3.5910459049237202,1964.0,Townhouse,New,7.940391989398172,Medium,36.69042775056602,1.0,3172.254465876256,Major,1034592.8284065474
2308.5244820451485,3.0,4.5,,2015.0,Townhouse,New,2.8669148053768416,High,29.281956509504454,2.0,3918.927379837742,Minor,339011.25353044947
1247.993781946183,5.0,4.6,3.165442998190116,2011.0,Apartment,Excellent,5.8609929265668566,High,18.810249252742274,0.0,3152.472546774543,Minor,1928465.166901105
2609.7005691371037,1.0,2.8,7.978747809108183,1993.0,Semi-Detached,New,7.0293826853222905,Medium,23.714321484590993,2.0,1290.6349069110179,Minor,1987908.4398180225
,1.0,5.8,7.815217944340652,1992.0,Townhouse,Good,,Medium,29.083146702596448,1.0,51.63825247460452,Major,915590.9448778476
1373.2533597384568,4.0,2.8,,1972.0,Semi-Detached,Good,9.250288122482502,Low,8.460592907606813,0.0,3943.3341780901737,Major,852939.0888722582
2687.7347151591307,3.0,4.1,7.5798739159052575,1959.0,Semi-Detached,Excellent,2.016859264338126,Medium,13.590050496873896,2.0,4786.847002158509,Major,912939.2044753373
4233.580716121736,6.0,4.1,4.245246174550677,1955.0,Apartment,Excellent,1.3639358036397928,Medium,13.825281193499306,3.0,3597.0493570834315,None,454422.12030768703
3117.598357289102,5.0,5.0,8.90267188782145,1966.0,Detached,Poor,6.507393756031318,,,1.0,4130.714863671638,Major,
2693.42757623555,6.0,2.8,,1998.0,Detached,New,7.707862542225827,Medium,9.988886742819265,1.0,4318.903633609921,Full,1952448.540205886
4973.3056592965495,6.0,3.1,6.975853930100524,2007.0,Semi-Detached,Excellent,8.28522314633366,High,27.964338243816588,1.0,1264.6273980168903,Minor,744224.2810888278
3921.3936020520428,7.0,3.1,4.356733580239785,1998.0,Semi-Detached,Fair,2.900151132042805,Low,11.315594288035092,2.0,1784.3597790213523,Minor,1753582.3567141367
1093.6514008062159,3.0,1.3,8.576025480579997,2016.0,Semi-Detached,Poor,2.7110856678443436,Medium,29.099915659492016,3.0,3669.934924649097,Full,114537.10188244328
2375.8653861522957,6.0,,,2014.0,Detached,New,8.547178673128368,High,1.2008323402521726,0.0,2197.2616234015914,Minor,1232962.8838179868
2592.350887160826,6.0,4.8,6.210942304612362,1959.0,Semi-Detached,Good,4.037801679991004,High,8.690398998141163,3.0,3184.3152399887063,Full,532716.1426058738
,3.0,5.1,6.938623179647546,2017.0,Townhouse,Poor,6.9370144375858125,Medium,30.57751603265999,1.0,1345.9763165429667,Major,1183074.2096785314
3567.940022895038,6.0,4.6,8.6558120300656,2010.0,Townhouse,Fair,2.357300806148339,,29.22092656488573,,,Minor,1373003.2441969363
1964.9128999391635,6.0,4.0,7.053857627396264,1962.0,Townhouse,Good,8.20895652784715,High,13.784389422410776,0.0,2970.7337471218166,None,1644999.522222479
2153.229426771137,6.0,3.8,2.7712866784965593,1984.0,Semi-Detached,Good,9.647948217995188,,31.16283601748983,3.0,4788.161046832104,,565998.8449104768
965.6187119286103,5.0,4.2,4.807968534251409,1966.0,Apartment,Poor,9.744847044476307,Medium,8.29566149634945,1.0,4617.5074102708395,Minor,1313813.0460154358
901.9359604291406,1.0,1.0,6.508349186709794,1953.0,Semi-Detached,Poor,5.671111308784469,Medium,40.876635159957345,0.0,2806.278461701353,Full,107804.95145621973
3910.8843272482522,,3.2,5.17399777166544,1961.0,Townhouse,New,3.153663864635592,High,12.516482964982828,3.0,1258.4144338546548,Major,1998582.227632984
4667.250482141035,7.0,1.2,7.119609376543255,2015.0,Detached,Good,2.2690806827132026,High,23.36538227779411,1.0,1945.5067644055202,Minor,894972.7373377419
1385.7003940743461,4.0,3.4,3.5338240838256176,,Townhouse,Poor,3.211602764429169,Low,47.366114425152695,2.0,3691.055183298642,None,477091.09123966383
4653.9642076462715,4.0,1.7,2.428711360077796,1994.0,Detached,Excellent,6.59469679489857,Medium,28.889931241429334,1.0,2108.026819027172,Major,1324588.532859426
2046.7663275193927,5.0,1.0,1.255789117332614,1989.0,Semi-Detached,Excellent,4.92289658453743,Low,37.61370964876656,2.0,4111.309723557868,Full,1114783.9630906242
4463.422833812892,3.0,4.7,1.3503699578687596,1959.0,Townhouse,Poor,5.2966383685026015,Low,37.275935297261455,,1193.6794575362253,Minor,106042.3380163762
617.2121464126951,7.0,4.5,4.210531610695614,1951.0,Semi-Detached,Poor,5.268577862650089,Medium,19.069287404800093,3.0,3855.999598085646,Full,863510.8539974017
907.6118019235753,4.0,2.9,1.1958165693761718,,Semi-Detached,New,8.141016316961416,Medium,5.008318525098304,0.0,3924.560308574087,None,1673194.152491452
2456.2775618881715,4.0,1.3,3.445156315217013,2015.0,Semi-Detached,Poor,8.482129370679967,Medium,17.027587739492823,1.0,921.2657085579395,Major,592471.0594442094
4315.845694357532,6.0,5.9,5.620652714274258,1962.0,Semi-Detached,Excellent,1.1255734107964037,High,1.6894015467817547,3.0,441.65990183576866,Major,1924131.2980712876
,3.0,1.8,7.69738212386487,1980.0,Apartment,Poor,9.263991331284116,Low,13.209503027523766,1.0,3006.9515663878587,Full,1742682.5127434898
4277.739729378758,1.0,3.4,6.300415057474674,1989.0,Detached,Poor,4.49583881329433,High,1.8142651571600887,3.0,3873.168200565763,Full,804617.2627702567
2033.4169192975542,1.0,2.4,5.811184344819503,2014.0,Apartment,Good,3.167347837826458,High,20.9776037326007,0.0,,Minor,862096.0819916974
1096.0889222353248,4.0,1.7,3.179194351655176,1965.0,Semi-Detached,Good,9.96414926438649,Medium,0.45090395770881475,1.0,3412.4593561222296,Minor,959618.0014090707
4664.543424726271,3.0,3.6,1.1418030804329944,1996.0,Apartment,Poor,2.1027493915977096,Medium,38.034209471712906,0.0,3415.771728437879,Minor,1310587.6005205102
844.262555849671,1.0,2.0,2.1678947812748914,1956.0,Detached,Excellent,3.8894485973572306,Medium,48.152661720067734,2.0,2168.17188038564,Minor,722786.4738592872
3682.1078345661717,6.0,2.8,9.836419301974496,1966.0,Townhouse,Fair,9.163905918488574,Low,1.5830857881124094,1.0,1584.3343131905053,Minor,102012.00267644676
4473.456633891414,2.0,,9.349919969901897,1966.0,Semi-Detached,Fair,5.280686644218598,Medium,28.891806564977678,0.0,2112.105059220594,None,929526.2357437102
1039.8256013802659,,2.9,3.800246287548929,2010.0,Semi-Detached,Poor,9.332270547642308,High,13.522577164322586,0.0,3483.7060808632573,Minor,1040070.7204139868
2836.062707672805,7.0,3.6,3.8888399755939336,2022.0,Apartment,Poor,3.1736265129252073,Low,26.18575667501532,2.0,,Major,1447741.7002764223
737.7332589991278,5.0,2.2,9.021920073711396,1952.0,Townhouse,Good,4.666763244392716,High,47.156058504510206,2.0,3427.3775858332097,Major,134497.74921635212
2565.0810534447273,7.0,4.5,1.7068479097842189,1994.0,Detached,Good,,Medium,38.26419574578514,1.0,2897.1255104424195,Major,1300754.3246803554
4043.1832591689026,5.0,4.2,2.542707348987896,2008.0,Townhouse,Fair,5.088415711459045,High,37.315972076997355,0.0,2058.546002139993,Full,244813.44894750242
1868.0440024868828,4.0,4.5,2.06126325587348,,Townhouse,Good,1.0044635106351718,Low,14.670315709696164,1.0,1939.484955520651,Major,1098204.240028132
1549.6551541145327,3.0,2.7,8.838261383870641,1981.0,,New,3.851930166541592,Medium,39.823670933334874,3.0,2161.048663706108,Full,482096.34748768556
1632.4760259962,5.0,5.7,1.0593793896116135,2016.0,Townhouse,Poor,7.4360210073120605,High,5.124168704237314,1.0,2466.4133692959326,Minor,1770942.9639550638
4060.649429791412,3.0,4.1,1.130102616185789,1950.0,Detached,Good,7.51732967761418,High,35.37472981497666,3.0,2164.2010376503663,Minor,911293.7631156184
4881.726945596354,2.0,1.6,8.324587596076604,1957.0,Apartment,Excellent,4.85008418542726,Medium,20.208283687105403,2.0,4372.660736114671,None,336656.53454590874
1527.5284816025733,3.0,5.9,6.732150649971672,1979.0,Semi-Detached,Fair,1.1166319516919887,High,21.861763756789415,0.0,87.10013150763807,None,152340.2832865577
808.9701087128105,4.0,3.8,6.068730505588247,2004.0,Apartment,Good,2.1789901446418387,Low,24.4918375105817,3.0,2813.4815669208006,None,1718833.0913996932
1066.528230139843,1.0,4.5,9.30575992136538,2005.0,Semi-Detached,Good,3.1786229188727058,Low,38.41220201937492,3.0,4220.766976633938,None,1881447.2795203116
3327.1012968066057,5.0,2.9,5.350339513666759,1955.0,Apartment,Excellent,1.1481068085607702,Low,15.575443621433038,3.0,2179.5193912135665,None,1479940.1277529597
3542.481155069726,,3.2,,1981.0,Apartment,,2.953180244096555,Low,16.174886710127424,3.0,4353.559158788842,Major,1361760.6304577491
2521.907522972031,4.0,,4.786948287056523,2016.0,Detached,Excellent,5.712415639835335,Medium,26.016512508563117,,2992.0154917843506,Minor,572317.124676053
856.9992980202968,,5.3,6.870140253841511,2017.0,Townhouse,New,2.1314969597927007,,,3.0,1385.8710078593838,Full,1478242.829460624
4676.399734750814,4.0,5.8,3.908762385848389,1977.0,Detached,New,8.796561780101399,High,22.30580533875036,3.0,1081.7780539991718,Full,391654.9258315731
4684.800117855565,4.0,5.9,7.015556432873423,1962.0,Detached,New,1.5398260312587357,Low,33.0172087332199,0.0,220.37742978380015,,1649130.118890737
2271.0461527902244,5.0,4.0,7.333010731720564,2016.0,Semi-Detached,Good,7.982794826781271,Low,49.49278697182903,1.0,3518.4077094714426,,930510.4081445993
4194.329936454122,6.0,1.4,2.9032102442449084,1987.0,Semi-Detached,New,5.01662595412565,Low,13.09972072305403,0.0,3253.9865311725207,Minor,1761916.6829801246
4543.648278596407,7.0,3.9,6.354551031577835,1973.0,Apartment,Fair,6.515626119272228,High,13.107557189375218,2.0,3914.499441190183,None,751800.4366138945
2786.220751822926,1.0,2.0,7.541181425497174,1961.0,Apartment,Good,5.351169776940788,High,19.705909686286038,2.0,4778.830751375545,None,121567.99910569812
3206.676276628085,,4.2,9.650955874516974,1958.0,Townhouse,Poor,4.853754288626435,Medium,32.95360022446289,,1643.096472461298,,1642866.4668724341
3798.936068285641,2.0,2.7,9.45013267864011,1950.0,Apartment,Poor,7.12302512288873,High,46.31240048806774,0.0,1211.934935524792,,1774842.4496082873
4510.904292767194,5.0,3.6,2.845533479644941,1969.0,Detached,New,3.0441416900210823,Low,47.45116562933743,3.0,1387.3971058505458,Minor,135866.6781022842
900.9869527725641,5.0,4.3,6.195659708538195,2005.0,Apartment,Fair,,Medium,,0.0,2775.3688078145324,Major,587445.8059462111
738.3148763026857,5.0,5.5,5.224280406446146,1981.0,Semi-Detached,New,8.266301005454856,Low,20.8637480178065,0.0,2326.9930289416006,Major,703241.4630683251
3537.7247073305443,3.0,5.0,4.143220926549334,2018.0,Semi-Detached,Excellent,2.3962818597207063,Low,21.816777453262187,1.0,,Minor,1236507.1275733411
714.5216982522284,5.0,1.1,4.079356462149515,2002.0,Apartment,Good,1.8345760155389716,Low,17.445623792476844,1.0,1096.8062861918054,None,548620.8817885059
,5.0,1.8,9.738460200134623,1977.0,Townhouse,Poor,6.432522670313334,Medium,15.770834501944996,1.0,2777.7986925869313,Full,1859482.895792276
2400.8192219039374,5.0,5.3,1.3293594414511873,1956.0,Apartment,Fair,9.672215634598247,Medium,3.5695881845125896,1.0,4872.861507846843,Minor,1930291.210332724
1320.0356390598045,5.0,4.7,8.67282808313833,1957.0,Apartment,Fair,4.862902217365784,Medium,,2.0,3819.450099098475,Major,1212201.9902384519
4544.76515049989,1.0,1.7,5.081396947301843,1972.0,Detached,Good,8.331638775756929,Medium,33.116917354348196,0.0,4914.845658769139,Minor,1972853.029837335
1992.109060495117,3.0,3.9,6.100132198648644,1956.0,Townhouse,New,5.232114302587689,High,49.57886716862151,3.0,3605.2464894935615,None,424267.16827518545
3098.9489470839835,4.0,3.9,7.6532559304584975,1973.0,Apartment,New,3.1118815903046393,Low,30.958501021940815,0.0,4936.565352147238,,319142.49152312044
544.3071169336794,2.0,,5.107230963239774,,Detached,New,5.365605237800088,Low,30.521697565597368,1.0,1248.322034510217,Major,870931.7797946916
2810.4167110518124,6.0,5.1,9.88589779947608,2011.0,Apartment,Poor,4.976996630425948,Medium,18.51936983088049,2.0,4576.7565252084105,Minor,1611804.0506402557
4145.073978010324,4.0,4.4,8.808662828598331,1957.0,Apartment,Excellent,3.271361391948884,Low,2.875586769783034,2.0,3342.994382232196,Major,1219530.8738367397
4857.616769620492,6.0,4.6,2.9209888390900316,1994.0,Detached,Fair,4.178183916701249,High,30.708283034655242,2.0,2990.166780932942,Minor,1296868.502608151
3554.3703197916934,5.0,4.3,7.0338254176651,1990.0,Townhouse,Excellent,4.528846489834836,Medium,6.277001666375464,0.0,3507.879260140292,Major,1921667.4222178396
1411.8222067597997,3.0,1.8,5.278286766698722,1968.0,Detached,Good,8.733615544847488,High,37.195715258378044,,2846.0558516292735,None,1236220.8918648495
,2.0,4.4,4.249721943439781,1968.0,Apartment,Excellent,3.767340098427557,High,37.70770615694768,1.0,1801.6868652276235,None,923873.6303002315
1205.895729660671,4.0,3.4,4.165041074330526,1959.0,Semi-Detached,Fair,,High,5.254887375133216,2.0,4067.781894715994,Minor,1591161.5964067252
2020.1627066547526,3.0,5.9,2.464768640591362,1984.0,Townhouse,New,,High,13.88125035324062,2.0,1857.598609020577,Minor,1553318.3382344008
3025.8810923898254,5.0,4.5,5.118873931698233,1959.0,Semi-Detached,,2.155555640149342,Low,40.994885486356004,1.0,2153.1459189242896,Major,1899266.4446150255
2693.1748571947223,5.0,2.9,6.3609488281263245,2021.0,Townhouse,Poor,1.2437130868040152,High,48.109113741141414,0.0,3943.3282256237862,Full,1267030.5027719915
4431.645434222725,7.0,5.6,8.18498012881697,1993.0,Apartment,Poor,7.909081109045921,Low,36.52837023759128,0.0,4870.252338018602,Full,128144.2637446452
1417.7257981522735,5.0,2.2,3.5989803962159463,1961.0,Semi-Detached,Poor,,Medium,20.066329145152693,1.0,1569.7890046663392,Major,
2451.4523299597163,6.0,3.3,7.964296157902577,2007.0,Semi-Detached,Fair,6.166704419427189,Medium,41.36055044988435,2.0,4898.594302576971,Major,900774.7160351499
3344.3741360804415,7.0,,5.983954455155612,1973.0,Apartment,Poor,8.000956964249081,Low,14.644851493903332,3.0,4440.004839666575,Major,1478956.4645499412
4914.950259528005,2.0,4.1,3.322371965035362,1956.0,Detached,Poor,5.404240575060676,High,43.31300531944307,3.0,990.4897004239582,Full,1229999.5309340025
1462.2039474044914,2.0,3.8,8.083066169140093,2015.0,Apartment,Excellent,1.881403316415581,High,2.1418035601230345,3.0,802.8696457002071,Major,1307257.7406542413
4248.880548593048,5.0,3.5,6.4259904250783,1969.0,Apartment,Excellent,8.536998534153778,High,49.646269157375556,1.0,4092.887896574973,None,603444.5714633638
3279.9394475502054,6.0,2.0,9.593955371980444,1964.0,,Excellent,2.856001548710994,Low,5.526683542220606,2.0,332.6113627904936,None,1675643.783749776
1102.4829309075838,2.0,3.5,3.5957430860410944,1968.0,Apartment,Poor,1.8498618312676327,,,2.0,4922.458793001966,None,708060.331052008
4027.746001315469,4.0,3.3,9.758188739157262,1960.0,Apartment,Poor,7.907804726214381,Low,42.6269728072091,3.0,1026.2652764091613,Major,1460058.601581464
1287.0901620952204,1.0,1.1,5.999963136951961,1951.0,Detached,Good,1.25113009880707,Low,14.660235809233797,1.0,118.24960011986019,Major,598251.7629672787
,3.0,1.8,5.092996736810168,1990.0,Detached,Poor,6.560072397805104,Medium,23.117611389523834,1.0,3323.7963408329097,None,1302021.247746563
1582.6982573762125,1.0,5.5,8.874504533648588,2019.0,Townhouse,Poor,4.783440834549358,Medium,10.72368930098051,,2848.339227730874,None,1065801.3505288067
2607.5193984254206,,4.9,2.4209515185319437,1997.0,Apartment,Poor,4.909600347258319,Medium,,2.0,,Major,345055.40395896183
4024.742485050175,1.0,1.6,5.157925290809098,,Apartment,Excellent,8.239903221160912,Medium,9.040264898369005,3.0,687.1975895092908,Major,678035.4967607658
,3.0,,2.1293955453901816,1970.0,Townhouse,Poor,1.4202651804835456,Low,14.630667070137543,3.0,928.2408380857049,Full,1128550.4789529145
3831.5339198539314,4.0,3.3,6.518945469144065,2014.0,,Excellent,7.6748311622321985,Medium,1.9579120043999976,1.0,3651.5534222631086,None,934227.5652363984
4115.28811818726,2.0,4.8,1.3824194884191796,1964.0,Semi-Detached,Excellent,7.349372949600965,High,27.593530606603604,2.0,1954.6821283970683,Full,867256.121115996
656.4024261552372,1.0,3.7,9.821647166765182,2002.0,Semi-Detached,Fair,9.003916470171774,Low,36.177153496150666,2.0,3142.534308168664,Full,
2662.6037798300836,1.0,4.8,1.0733244923629912,1999.0,Detached,Poor,6.194426356176392,,10.114918929473538,2.0,174.3595081775884,None,1461466.5433555653
4935.348119743357,4.0,4.3,9.38952034424983,1968.0,Townhouse,Excellent,2.4408742068134335,Medium,30.606740523453357,1.0,4037.710588909871,Major,1986783.7957858194
4078.915572610252,4.0,1.3,,1966.0,Detached,Excellent,1.4183968522005501,Low,2.404210374601423,2.0,1317.1837048208506,Full,332585.7252675478
2146.142465156971,5.0,5.6,8.40487914641683,2009.0,Apartment,Excellent,4.9781327132114495,High,4.173084732345744,2.0,2664.9209524616094,Minor,571777.2002382203
1782.6031926659834,5.0,4.8,4.223093204486672,,Apartment,Poor,7.481869364164433,High,27.222859937036052,0.0,3471.553795865125,Major,648003.9750217154
3671.6490856603373,4.0,2.1,3.1960412250365673,,Apartment,Good,1.3807480621477397,Medium,2.9642774210397294,3.0,830.3436081552512,Full,687323.5253172398
1117.2515770698024,1.0,,2.5583802288939204,1975.0,Apartment,Poor,3.234217356879489,Low,22.860403900667066,1.0,394.26091779300566,Minor,729332.6626600843
4472.178140275033,3.0,4.4,5.78083961661535,1983.0,Detached,Poor,7.937077372208877,Low,3.2035088545945167,1.0,2.105216467747084,Major,
868.4093211099968,1.0,4.5,3.399137255397149,2010.0,Apartment,Good,3.0738340966051823,High,17.463808911212585,2.0,288.8263418113768,Minor,190260.3814998009
3015.97234250882,5.0,1.4,8.921018336618863,2007.0,Townhouse,Poor,4.430105281504626,High,44.033323164195075,0.0,4554.462167968894,None,984803.6369144298
4310.788627428369,1.0,5.5,1.2694482129775446,2012.0,Apartment,Fair,7.7222227648584205,High,,1.0,2596.292257353025,Full,1445931.558156259
3739.8724902967047,7.0,4.7,1.7609921935070902,2007.0,,,4.87383664054796,Low,20.677780597561053,2.0,323.82434861033096,,1477766.0415483294
2684.98221975814,2.0,5.9,2.9422960957709217,2004.0,Apartment,Poor,7.94213195756611,Medium,17.514427815642296,3.0,4982.2746858015325,None,1150287.8970775283
1532.6852719609165,7.0,3.2,1.7410632441828642,1969.0,,Fair,3.4320301249310052,,18.236073309940387,2.0,,Full,1849927.5707174845
3201.6556163640153,2.0,1.4,8.452079315605205,2009.0,Detached,Excellent,9.622598875770167,High,6.58836746792586,3.0,4590.874192817324,None,463515.17961731023
4848.372223975072,2.0,5.5,1.0363951324430911,2010.0,Semi-Detached,New,1.8442804490109248,High,19.5325322197757,2.0,1095.6355280155906,Full,1973282.959334615
929.168929128984,7.0,5.1,6.864899054082683,1991.0,Apartment,,7.763117951252258,Medium,,0.0,3513.4920462251644,Minor,419374.64298673585
641.912621089965,4.0,,5.099345800757024,1998.0,Apartment,Good,1.6676826301789442,Low,42.397088672031096,0.0,1166.2525737800954,None,752872.8228685284
2388.0610818031037,1.0,,7.954654333765678,1966.0,Townhouse,Excellent,8.606080454250577,High,34.12677532087183,0.0,4960.467458306951,Major,198118.0678841439
3160.4079799340807,3.0,1.0,4.6936255580511235,1969.0,Apartment,Good,2.2285079539868877,Medium,31.89796291503943,1.0,897.478108571193,Full,1927969.659550543
2111.2571051121836,5.0,2.8,6.805468123628016,2016.0,Townhouse,Good,6.278204235949356,High,3.359620084215764,1.0,1753.213035084783,Full,1203865.6790609765
3729.7541478366275,4.0,5.3,6.753284064973426,1971.0,Semi-Detached,New,,,7.1368050466624755,,681.3386874151817,None,1382873.6599251702
2852.7813448229635,4.0,4.4,4.274566546542124,1989.0,Apartment,Fair,,Medium,4.721804370846211,0.0,2474.341362301603,Minor,1924533.5047473279
2062.10204173511,,5.3,2.0277304767782853,2002.0,Townhouse,Good,1.4303879007207674,Low,9.543654714497274,1.0,2148.6440997645273,None,1536957.6351581847
4073.5421366508353,2.0,3.8,4.8972044610510626,2009.0,Townhouse,Poor,8.932138237546866,,38.699146366011284,0.0,4068.2611838508674,Full,1960566.630474002
947.3021863441788,2.0,4.9,8.875564411963374,1984.0,Semi-Detached,Poor,7.427877677664779,High,31.018259268041255,0.0,4271.944317994165,Full,1114143.581713684
680.2753404861247,5.0,3.4,8.167445258259118,1981.0,Detached,Excellent,4.111056386803614,Medium,22.117286319986334,2.0,,Major,1468914.9407853542
755.7183087693481,6.0,3.5,4.342921250223446,,Detached,Excellent,5.234816037717552,Low,0.5795757926685519,,183.7572997915954,Full,397978.6981627486
4164.039459992352,2.0,,8.805322660752491,2006.0,Semi-Detached,Good,6.635890435642581,High,33.40551951027821,2.0,899.7044771586626,Minor,180209.99964527274
4091.597435287934,4.0,1.7,4.948587350176313,2010.0,Semi-Detached,New,6.560245187720442,High,26.96948863819034,2.0,3195.4973027670253,Full,945561.513536545
4238.49343266123,2.0,4.2,2.7661977416919132,1996.0,Detached,Fair,6.75762299237622,Medium,4.141378507952842,3.0,3008.8446805126973,None,270887.6859440478
1776.7138746159233,4.0,5.3,8.77600048424586,1959.0,Apartment,New,2.394354801628461,High,35.037544448942235,0.0,4032.654339387099,Major,1053159.1916234083
2711.9679390978367,6.0,1.8,5.442750101635179,1980.0,Semi-Detached,New,8.138623408915969,High,13.491160215502173,2.0,3873.966894310577,None,771154.5891809758
1938.7181951360371,1.0,2.9,4.904489944891261,1968.0,Townhouse,,5.137537283194716,,24.20031533668186,2.0,,Full,452837.9030793053
3143.054994482456,6.0,5.6,,2021.0,Detached,Fair,8.202103762644716,Low,15.938591390539964,0.0,1719.6852904740479,Full,1971294.5885024567
4303.731537956717,5.0,2.6,7.881458062203309,1997.0,Semi-Detached,Good,9.356514051266487,Low,16.12869372605038,1.0,2828.4415458394624,None,1886202.4074390265
589.6302692682178,1.0,5.4,5.95200852025226,2021.0,Apartment,New,,High,2.9513561571195446,1.0,4313.785015563157,Full,629637.0720366279
3063.9414937305282,1.0,4.2,2.8660226054457345,2009.0,Townhouse,Good,4.204355575496038,Medium,2.387760800268013,3.0,2626.0444235045843,Minor,912857.1750702765
1404.790915603628,3.0,5.2,3.33382760603551,1955.0,Semi-Detached,Excellent,5.778719670989769,,38.88985272706065,3.0,3451.712509068816,Minor,1370162.3298146445
4415.173285414045,,1.7,4.442178484293202,2006.0,Semi-Detached,Good,2.2142165848399182,Medium,0.16419085207512452,1.0,1928.1319743384345,None,1101814.6265907364
4806.472936790355,2.0,4.9,5.808922337286292,2014.0,Detached,Poor,3.3323456166419003,Medium,14.380587096813263,1.0,486.64058542226553,None,1833035.5547863268
,2.0,1.1,8.246595737490447,1986.0,Semi-Detached,Fair,1.4427004785609006,Medium,47.56370388670877,1.0,2210.3874542685635,None,1976469.3762085817
651.639088737961,4.0,3.0,2.8652071577574367,1999.0,Townhouse,New,7.132063275558756,Low,39.93903651365415,1.0,797.9982045959938,Major,218305.20504243587
1862.3863276774175,7.0,,7.647258157051898,,Semi-Detached,Excellent,5.4675300912338205,Low,25.919605816927472,3.0,1791.6980623485495,Minor,953996.32087651
1533.8628270693885,4.0,4.2,9.246048309356198,1955.0,Detached,Good,,Medium,37.10935911318196,0.0,1515.1603399501307,None,817125.0235843784
4218.161610995992,5.0,4.8,4.561125115335788,2004.0,Townhouse,Excellent,3.7328339381536777,High,47.1893950377451,2.0,1226.70228737065,Minor,199600.907981431
581.3759197906043,1.0,2.7,4.292456804199841,2010.0,Detached,Poor,4.6731814630328135,High,46.99361524195417,2.0,3427.906095469603,None,
4652.388150108192,6.0,5.2,5.29938530462184,1973.0,Detached,Excellent,4.083139315738839,Low,22.291404183787122,1.0,1004.3384643619119,Full,396464.5892648019
3143.7482901805465,1.0,3.8,8.353923167131901,1979.0,Detached,Fair,1.1643205858296293,Medium,16.12062096305962,3.0,3385.390796479564,Full,170640.9930453986
3848.3439222755496,5.0,4.8,1.8328865489232304,2000.0,Apartment,Fair,3.5894480303413805,High,37.40666037435184,2.0,194.09746089934345,Major,282334.4494579476
2550.6450099640315,,4.6,4.485360651678668,1992.0,Semi-Detached,Fair,1.7303556087897451,Medium,20.509287174668277,3.0,3371.6537952729987,Full,931758.0686664624
3681.7623372559165,2.0,1.7,1.2638771417607528,1975.0,Semi-Detached,Poor,1.052110272761292,High,7.740067751538926,,212.65837439105428,Full,880365.6964901928
2005.1084311497964,6.0,4.7,5.66059350794602,1950.0,Apartment,Fair,4.179018997370936,Medium,9.688011719239448,1.0,890.0768962830075,Major,1819420.6511432044
3470.8057544446415,2.0,5.1,9.497117103703937,1996.0,,Poor,4.478252640594833,Medium,27.1558388153262,2.0,2515.988832041516,None,136747.26216956595
2438.4724815578347,2.0,1.2,2.442268399758054,1968.0,Apartment,New,9.23027554755966,,25.458992648636308,0.0,4939.526282924398,Full,1856828.3848820103
4693.652447883818,7.0,1.8,3.2986095017300943,1985.0,Townhouse,Poor,2.1546677482330376,High,23.16679045663963,3.0,3189.485712968674,Major,868401.4444995733
4687.182556647597,2.0,3.6,7.290130202804144,2013.0,Detached,Good,7.303676687934823,Medium,18.502618738280585,1.0,17.117919818638306,None,517558.5980484581
3066.3878184034456,6.0,1.3,7.21462209624737,2011.0,Apartment,Fair,3.372047242766256,,16.25510618193107,0.0,3879.3785326848056,None,1957007.3747125259
3980.0696278792307,4.0,2.8,6.370507567887704,1954.0,Townhouse,Excellent,5.478133382024035,Medium,9.411717034552513,2.0,1702.979271043208,Full,1836965.0401035699
3840.421872467037,2.0,5.2,3.175460795069293,1997.0,Semi-Detached,Poor,4.876791756802003,Low,34.092250891129886,0.0,4960.503890689792,Full,1295396.6599802044
3678.8467031167534,2.0,1.5,1.5990965108254516,1976.0,Townhouse,New,5.356198329090952,Medium,25.155193994357234,0.0,3031.9046360532475,Minor,270610.35324903816
4883.346246576037,1.0,1.7,3.0004745229567753,2019.0,Detached,Good,7.863469683016779,High,18.467270366049064,3.0,4626.762706740955,Minor,1566716.2094706409
4450.027815869642,3.0,1.6,6.751454091786162,2008.0,Townhouse,New,,High,38.86957830527368,1.0,244.43851443588628,Full,246823.96586889174
3853.995656416073,5.0,3.7,3.6661598834751308,1950.0,Townhouse,New,3.96254760514699,High,31.620631041329716,1.0,1845.4549185605345,Minor,594330.6739005574
855.669211016942,7.0,2.5,8.575517579373358,1992.0,Townhouse,Good,4.062588725110917,Low,37.781098140621694,0.0,1437.0574914518209,None,1248461.1130142023
2097.717371807561,6.0,5.1,6.54624913295498,1950.0,Apartment,Fair,1.8526911383903917,Low,32.22198124266111,2.0,1872.9222647666215,Minor,166458.92964787647
2045.028782791782,5.0,3.9,1.4498928501718331,1985.0,Semi-Detached,Excellent,1.0961670125305498,Medium,31.25046572630639,2.0,1523.6510340571053,,665307.2734964261
2804.7788738160766,7.0,4.4,1.7937442294046235,1977.0,Semi-Detached,Good,7.471127735122339,High,20.590729198309454,2.0,1390.9675811216387,Minor,780548.3577916201
4355.635273632528,5.0,2.5,3.525341938099885,1958.0,Detached,Fair,8.94458576033977,Medium,14.05202253083484,1.0,2406.1654781845996,None,197711.49221597254
3523.5503597773077,3.0,3.5,6.1621895700153715,2001.0,Detached,Fair,3.798605005765204,Medium,,1.0,3902.4553370395843,None,1174863.4993583036
3971.8997952969544,7.0,2.9,9.431879954161264,1971.0,Apartment,Poor,6.8772423514452585,High,44.93323902288465,1.0,3233.0391622824977,None,1383107.7227193816
687.6096640269348,7.0,3.5,1.9292347028362788,1992.0,Apartment,Fair,,High,10.04276547112955,1.0,1848.117594196641,Major,279380.51019592036
740.9921421959801,4.0,4.4,8.475998981051116,1954.0,Semi-Detached,Good,2.4781568999539587,High,33.640593651858964,1.0,2947.778416099427,Major,813245.0498052924
4678.22585423962,5.0,3.3,6.155389799319932,1961.0,Apartment,Fair,3.489966292406514,Low,9.46972001589827,2.0,4534.788053277291,None,706007.926158619
1443.0035628732162,5.0,1.3,4.275265541640708,1988.0,Semi-Detached,Poor,8.362520265468142,Medium,46.94623294838519,0.0,1343.588168631709,Full,
4075.652629679333,5.0,2.9,6.786686978864699,2002.0,Townhouse,Poor,1.0294729499471647,Medium,9.801726287543278,3.0,2502.7114541127517,Full,1872242.1387898615
2967.0661281918456,5.0,5.4,8.065117151533581,2003.0,Townhouse,Excellent,6.334115541638941,Low,42.74286785257006,1.0,4558.18636410453,,1029172.2786998415
2073.604023851131,6.0,5.1,4.2284967325243885,1995.0,Semi-Detached,Good,5.302227030896456,Low,46.75612702077675,3.0,3655.289952840069,,105192.22829643816
3935.9385163800835,4.0,5.2,9.2771979012933,1967.0,Apartment,Good,7.4864893641619,Medium,10.344833825606864,3.0,873.7143464733426,None,168746.89174233485
4842.008081415278,2.0,1.9,5.958462713145807,,Townhouse,Excellent,5.760704845990175,Low,,3.0,3966.9696863753875,Minor,748304.7224588048
1664.7748853157298,6.0,1.4,2.4121712862273315,2018.0,,Good,5.645499993534312,Low,5.473008269133095,3.0,4011.3014663131335,Minor,298793.1809995511
2085.2087607346903,4.0,5.1,5.920999106481179,1991.0,Semi-Detached,New,7.39300001256611,High,34.99936071438207,2.0,3729.4967417806297,Full,666040.7812961052
1819.8474356154622,4.0,4.3,7.889258906123012,2001.0,Townhouse,Poor,5.949817675929908,Medium,25.344245016646987,2.0,2979.016359441749,Major,1316441.1255859053
3400.8384276958104,1.0,3.5,6.279193340142036,2015.0,Detached,New,9.875388720828253,High,48.05582107972857,3.0,590.0115113065546,Full,591183.9129807127
,6.0,4.4,6.257108334142538,1950.0,Semi-Detached,Fair,7.28184332639491,Low,24.04725254845429,2.0,2346.1711676315995,Full,318065.30932421214
2652.5952588031287,4.0,5.7,1.2497221208995581,,Semi-Detached,Excellent,8.261678612754036,High,3.4215630309239797,3.0,433.379490274432,None,1432442.6773400626
1465.5886859470963,6.0,1.6,5.170016893201524,2022.0,Semi-Detached,,4.802844156254572,Medium,6.311897670792321,1.0,2594.5274252175227,Full,1842720.2344770008
1945.7498984950914,6.0,1.8,4.290227147420826,1996.0,Townhouse,Fair,9.622219152009347,Medium,16.072345124259474,2.0,2025.7185810326205,Full,1830050.5535439213
3863.044506929061,1.0,3.9,1.3940928397807473,2021.0,Townhouse,Good,5.0359670599189545,Medium,23.448718502531186,2.0,29.5583376126779,Major,1340296.0208944834
4476.455918758888,4.0,4.5,7.1305421604249775,1974.0,Apartment,,4.115152447324064,,47.89633970837311,2.0,3888.5539853298133,None,451616.58374738356
2785.8919572681143,6.0,4.2,2.648083126955366,2007.0,Semi-Detached,Fair,9.454001121816697,High,24.215012790883932,1.0,3253.8218402228113,Major,1759082.5815406991
1619.0896751255625,6.0,2.3,4.149263242329748,1982.0,Apartment,Fair,4.393601613562218,Low,46.50088423202017,3.0,1203.876022002242,Full,1547348.5979944111
3495.45945442979,6.0,4.1,6.198338396775892,1995.0,Apartment,Fair,4.290454629577907,High,45.667347482093405,0.0,3210.199020620981,None,1693906.5962539355
3377.36531033426,3.0,3.8,4.962568290995298,1985.0,Apartment,Fair,6.007332353719509,Low,8.436313288162223,0.0,2720.6375031732673,Minor,382380.8477348902
4591.618116219909,1.0,1.1,7.315927438932687,1989.0,Semi-Detached,Fair,8.645015606666094,Low,45.96408548495089,0.0,2540.5865476492477,Minor,1019829.0358471264
1782.4516408386428,3.0,,8.602865400426289,1953.0,Townhouse,,3.9710068036317123,Medium,12.759063163336503,2.0,1882.0818206428614,None,1112740.3756186482
4178.169480444625,4.0,3.3,2.5232143173797876,1989.0,Townhouse,Fair,8.46553950421028,High,41.84027657404699,1.0,217.21061658883102,,1572661.6475389884
3517.904557630869,3.0,5.3,3.5073472317280716,1951.0,Townhouse,Good,2.4667471550247413,High,48.76421730175298,1.0,4930.853906955766,None,718700.9957932243
4279.853162720419,4.0,4.3,2.672355118135967,1961.0,Semi-Detached,Good,2.5532510377265796,High,3.59875514743655,2.0,2548.9676498702606,Major,758508.6062345364
963.1986537520094,1.0,3.7,5.492752539697049,,Townhouse,Excellent,5.058396968158771,Medium,34.07057024852725,1.0,273.7404266785626,Full,1783160.966605106
4222.498062059816,7.0,5.5,1.7133054354345272,1994.0,Apartment,Fair,3.3697457460932565,Low,21.31262033832221,1.0,,Major,1506675.1145065697
2646.7594345603684,3.0,4.3,7.671433207318223,1968.0,Apartment,Poor,5.359341896392026,High,22.756922954984198,,3847.8155381170286,,1314347.3789229963
3985.4060576582156,4.0,2.3,,1968.0,Semi-Detached,Good,1.1122648909364379,High,27.938378979376193,2.0,1723.638592723592,Minor,329729.5795170277
1594.5767374643979,2.0,3.3,9.520925157006491,1995.0,Semi-Detached,,3.490546674191065,High,47.271863572844815,2.0,2144.17602438812,None,230927.08490479217
2064.4952417416634,2.0,4.4,8.563333654790338,1986.0,Semi-Detached,Poor,9.52787657755889,Low,31.606306863109427,0.0,3076.3582633647675,None,1326676.7428300914
2366.286167368,4.0,5.1,9.723597536338817,1961.0,Detached,Poor,,High,49.59119649606175,0.0,10.471712454784289,Full,1074430.8109818338
2975.9842228711927,6.0,2.4,1.3652283177505729,,Semi-Detached,New,1.2584141891466087,High,48.26229865555637,1.0,2579.6069653187874,Minor,1970639.6255451913
2796.816737219803,1.0,4.6,2.84643576757036,2014.0,Semi-Detached,Poor,8.239000995522478,Low,42.815251674352744,1.0,3463.9960214532557,,1719083.0993812883
1564.3975477084668,7.0,4.4,9.649212140001065,2007.0,Semi-Detached,Poor,4.994877072165831,High,34.956908488287894,0.0,1963.7521958265809,Major,1183162.1387581788
4566.442257236931,5.0,1.7,9.861767328749739,1956.0,Apartment,Good,8.351612209451506,Medium,11.591074154498465,0.0,811.3825285385041,Major,326640.1970235391
4749.960748533979,3.0,1.8,3.5263159816417016,2012.0,Townhouse,Poor,3.5208981235392094,Low,28.648782945815416,2.0,4259.923938171062,Full,286673.4425931673
1567.4163592248935,5.0,3.5,6.388782871840099,1961.0,Townhouse,Poor,5.951843777534937,,11.690514772470967,,,Minor,977244.709243604
2259.2123147406123,7.0,3.1,2.867471337913628,1981.0,Detached,Good,9.875109287580505,High,47.71226248647125,3.0,4982.167961831611,None,383749.1898279661
4120.969284885574,3.0,1.7,9.05315627793209,2010.0,Semi-Detached,New,3.9414366807325325,Medium,47.940014885654655,0.0,2677.708100436,Minor,1401856.020369382
4022.0492821612193,3.0,1.4,2.2317122727293572,1974.0,Apartment,New,8.962462241226916,Low,16.629207013124514,0.0,632.0490131280231,Minor,189588.36216561584
4881.498462960035,2.0,5.5,7.194073731837428,2021.0,Townhouse,Fair,8.8952313395706,Low,2.405427806362953,1.0,398.1186529998881,Full,1988290.103714522
4763.0816185537315,6.0,2.0,3.611333452491232,1990.0,Detached,Fair,2.3863854963953157,Low,41.38904113357376,3.0,1041.4247288776778,None,1897108.6552065948
,3.0,2.8,4.364186138197271,1956.0,Detached,Poor,,Low,17.604566306791327,3.0,4474.635593960235,None,1247744.3520170872
3139.6567572734375,7.0,3.3,5.931507896781925,1995.0,,Poor,2.1517866034083317,High,15.975633326720606,2.0,2460.6641914929,Full,476262.2443355187
2020.5002573294269,7.0,1.4,4.847145592159405,1997.0,Semi-Detached,Fair,3.592242558270804,High,28.99752097210743,0.0,4139.490468345567,Minor,636331.310062253
2851.1647854977327,4.0,1.7,5.710709263854802,2011.0,Townhouse,Fair,5.7145737023882734,Low,0.023828758490279656,0.0,,None,659415.410648187
3970.290144182737,6.0,3.6,7.116820094344524,1982.0,Semi-Detached,Poor,9.352689202597567,High,18.748647952405562,3.0,4291.043953848426,Major,454005.3683951834
969.5779209965574,3.0,4.5,3.6661243942584654,2018.0,Townhouse,Good,4.569235297450148,Medium,20.81830158279054,2.0,,Minor,308933.3598136649
3664.1157434021384,4.0,5.2,7.649322539771933,2015.0,Semi-Detached,Good,9.891035976678198,Medium,48.53943530060255,0.0,4095.2555454750145,Full,1359829.7930854089
4532.245650172058,4.0,5.3,4.754707011323084,2006.0,Townhouse,Good,4.593125974137345,Low,7.919434786824792,2.0,,Major,1520905.824449771
1447.052633846166,5.0,3.7,1.1961673653182046,1983.0,Detached,Fair,6.3012483470069505,Medium,7.530831425349338,1.0,723.0538880107745,None,564309.8606830873
4150.355539924466,7.0,2.4,8.61982434678516,1988.0,Detached,New,9.682898533448235,Medium,30.968038492552076,2.0,4984.981134441547,Major,1541100.160969124
4508.735394719415,6.0,3.9,3.5342855228022834,2011.0,Detached,Fair,6.414289178190136,Medium,3.909366026468053,1.0,3695.911475219778,Major,413438.5402546674
801.7081388348886,2.0,4.1,8.742145612781993,2005.0,Apartment,Good,4.482110063475154,Low,31.05372102817513,1.0,2872.3641412638085,Major,542644.6631820737
4810.941551422402,1.0,2.4,7.701182914732984,1974.0,,Excellent,5.729764785320884,Medium,20.37216528789829,3.0,4961.086185778123,Minor,1590262.6410453396
2759.9499564590415,1.0,,4.66038947354922,1986.0,,,5.893847387486154,Low,0.13142830451774445,1.0,833.3450860223929,Minor,1957635.876724582
2560.5002566585117,1.0,1.9,6.852577969643415,2005.0,Detached,Excellent,1.945478016460858,High,22.032226245991925,3.0,3238.323015376334,Full,1577945.197583669
3211.606253584769,6.0,2.5,9.927551164883006,,Detached,Good,4.641828398134995,Medium,36.93802809362913,1.0,941.5079953163486,None,475062.4809564187
1461.6572875280249,4.0,,,2018.0,,Good,5.737170539466467,Medium,6.630093806805753,3.0,2542.9377933561886,None,666108.6872371881
,3.0,3.6,5.053922822107224,1994.0,Townhouse,Excellent,8.013341543912682,High,9.177905327592262,3.0,197.97782435290458,Full,1315393.185774114
4139.865296991145,7.0,1.8,2.336663333745975,2015.0,Semi-Detached,Good,1.0543598952113546,,11.723305821563256,2.0,1718.4385083246345,Major,1913982.7668783371
1950.5577803162298,5.0,4.3,8.842324046877213,1969.0,Semi-Detached,Excellent,8.325029432932267,Low,19.494261221092806,2.0,4366.553888511111,Minor,1989858.5492235217
1649.7733768856335,4.0,2.1,5.975931171354863,1959.0,Apartment,Excellent,3.4318846259822546,Medium,47.458140578207285,3.0,3792.7757000301604,Major,1216447.8734349373
4617.673360932242,4.0,1.2,1.9173393822208926,1955.0,Townhouse,Fair,7.438533124126568,High,3.527606110290532,1.0,1984.2495673619287,Full,929215.7081814738
2603.942402934721,1.0,5.4,6.378075708869368,1982.0,Townhouse,New,7.951139563992017,Medium,41.08368920401687,0.0,855.6625784322769,Minor,559427.4034031436
3329.827325782056,4.0,3.2,5.211483063897641,,Semi-Detached,Fair,8.736670772481638,High,40.036627673847676,1.0,309.91383984015073,Minor,244768.63913304886
4349.006279583496,6.0,4.9,3.7664370561489813,,Townhouse,New,9.566737435779798,,23.28435813309191,3.0,4765.113324322592,None,683634.3863024435
3726.4380195633903,1.0,5.3,1.168220193091128,1985.0,Detached,New,9.100113319525473,High,6.8019033783116525,1.0,2162.052333907098,Minor,1163743.4342646676
1947.9708174235714,1.0,3.9,,2011.0,Semi-Detached,Good,6.698689272141536,High,30.607505046881922,1.0,3602.0172553902894,Full,1313812.590215998
592.1026947210066,6.0,1.5,,1972.0,Townhouse,Excellent,7.529062180490709,High,36.16690746044744,3.0,4541.017565215969,Minor,728599.6248935172
,7.0,2.6,7.438382664162181,1991.0,Semi-Detached,New,7.3190777953684565,High,7.762438024928997,3.0,3682.864620032869,None,1923135.1226431467
1618.1002008779005,7.0,2.3,3.333121160496265,1979.0,Townhouse,New,5.660893955431642,Medium,34.94727338946282,0.0,2342.148491090025,None,279257.5163748536
2388.0022846749116,7.0,4.0,9.80735900092313,,Semi-Detached,,7.9173593286024975,High,46.02651745757461,0.0,1845.7014734983268,None,1448030.066125082
2562.74352707636,1.0,3.1,2.656406010492123,1974.0,Apartment,Excellent,5.076707255089091,Medium,9.474610031027254,1.0,4365.606312890313,None,816265.7879850667
4395.772988726194,6.0,3.1,9.037645497175673,1966.0,Detached,Poor,8.37967653062966,Medium,6.2836006594873925,,1594.4645728570888,Full,1581111.6709865949
3950.457696158464,4.0,4.3,4.287477878543968,1955.0,Detached,New,7.694197542115979,High,33.343672166457175,2.0,1635.708619858145,Full,1686001.4074403376
1381.7409854370046,5.0,1.2,9.994651098981086,1960.0,Townhouse,Excellent,5.408358842659599,High,24.055785653733324,0.0,3784.5304694426636,Minor,1477762.495250133
1921.7039861228845,2.0,1.7,8.234006132590832,1950.0,Detached,Excellent,5.627252247214407,High,42.69676473712199,0.0,2929.1021013669642,Minor,1184714.638134589
3126.394972714627,6.0,5.4,6.436344804807788,1965.0,Detached,,6.770103239198821,Medium,25.796044135540775,1.0,2139.873153128437,Minor,247102.3781729603
3044.5674229514466,3.0,,8.475676633544145,2016.0,Townhouse,Fair,3.997737373900044,Medium,41.04523594812789,3.0,2252.7879982006552,Minor,367418.3027934167
2955.630292531984,7.0,5.7,9.070876849735606,1976.0,Detached,New,6.004485610412945,High,19.75564590158299,2.0,2917.8609688401507,Major,1234169.3145139255
4785.205994232742,6.0,2.0,9.978287176840395,1976.0,Townhouse,,9.099404049337517,Low,9.806114897223651,3.0,2187.137183588,Minor,1932389.9577775972
3617.1474188024226,,2.7,2.531795620869194,1951.0,Townhouse,Poor,3.799398158013192,Medium,18.773354368683066,2.0,1583.3910300312837,Minor,1106185.0198969021
936.944099762281,4.0,1.6,6.262705997007322,1997.0,Detached,Fair,7.204694406191475,Medium,17.977115811925,3.0,4530.411183640945,Major,1810565.890503516
4732.148102346361,2.0,4.2,4.481486260544087,1974.0,Apartment,New,1.3586629933036054,High,14.974826393706502,2.0,2531.9468929754826,Major,
2584.457031175053,4.0,4.9,4.4691116164026194,1985.0,Semi-Detached,Poor,2.1537252192548086,Low,11.709636580261728,0.0,993.0281933933205,Major,328247.2420057753
3112.5837339095688,6.0,4.1,6.690882382056471,1987.0,Apartment,Poor,8.96503463625942,High,19.328929176926497,0.0,822.8193609639773,Major,
4187.714395084191,7.0,4.0,5.537438574934768,1989.0,Apartment,Fair,9.129883713162146,Low,48.58156191326238,1.0,1438.1492669810002,Major,1530345.811337044
1459.7915014573973,4.0,5.0,8.29478823426072,1961.0,Apartment,Poor,6.1188433696188085,Medium,24.583695063632945,1.0,4932.6211006821595,Minor,876289.973581747
2803.6408358573867,3.0,1.4,3.95451547331285,1978.0,Semi-Detached,Good,6.3726437819924815,Low,6.9410108854941255,0.0,4623.379959741347,None,657655.3664727022
4367.253510262454,1.0,,,2020.0,Townhouse,New,4.6871785849912735,High,11.758522810773147,2.0,460.46384566925445,Minor,1836744.0736774227
3814.7985250666384,4.0,5.5,9.6901559167705,1978.0,Townhouse,New,6.3705962172909,Medium,17.648313003844297,3.0,421.3997892228932,Minor,1234699.7319069179
2077.4684180553577,3.0,4.2,1.8146428580706164,1986.0,Townhouse,Fair,8.881523241877236,High,9.42072587161819,2.0,1909.17536912996,None,1293484.0680708506
3151.4369573920108,4.0,4.4,,2015.0,Apartment,Poor,2.3911745071388553,High,37.08790626600943,0.0,2566.1645875761865,Minor,1427763.3742614703
536.1361164964986,2.0,4.2,1.9148840784072543,2011.0,Apartment,Good,5.504971808120112,High,39.53281604351348,0.0,1517.9201511282026,Minor,
712.8453791950363,5.0,5.1,1.5644753434089154,1978.0,Semi-Detached,Good,8.885032153262049,Low,40.12931616014352,1.0,3280.5291758364547,None,
1010.4809321517766,5.0,3.0,1.14989056838975,2017.0,Apartment,Good,1.638855762344591,High,45.788059039749044,2.0,2142.849467174012,Minor,130798.8586319918
3625.0251260418427,1.0,5.3,4.289467680187824,2018.0,Detached,,2.8107698811224684,Low,42.937280159420105,2.0,2686.5417609457086,None,1936042.1402546773
3290.3537109794615,5.0,2.4,8.636877311285993,1954.0,Apartment,Excellent,5.615695648190608,Medium,29.03740976272519,3.0,1402.9900343578495,Minor,531749.237801963
4622.613133232145,3.0,1.6,3.175096940244097,2001.0,Townhouse,Fair,6.557132655623104,Low,24.96645112010057,3.0,347.28826836447126,Major,1926648.256858342
3688.5165145598053,3.0,1.3,3.9197903370508804,1959.0,Detached,Excellent,7.364294741188457,High,40.0320390228722,2.0,3460.631726812831,None,854027.4519472858
2392.707744410108,5.0,,8.706987164990402,,Semi-Detached,Fair,2.6646197352973973,Medium,48.2751589311728,1.0,3630.7969311017723,Minor,1732483.1391716572
4401.233964342187,7.0,3.3,2.3500105765555266,2012.0,Detached,New,6.380658017551463,,1.5265086732826505,0.0,2370.04253092768,,861972.2830078248
692.3639757920878,3.0,4.0,3.131571019192491,2004.0,Apartment,New,4.090407668700253,Medium,18.01666837543455,3.0,4311.734750037548,Full,1297121.5853584125
545.524156707735,4.0,4.2,,1966.0,Townhouse,Poor,3.847555875910608,Medium,33.40073676386617,1.0,1531.2292634128748,Full,863340.3826850591
1626.34773169065,4.0,3.8,7.669356720860813,1994.0,Townhouse,Fair,1.565952786575333,,17.872962898741534,0.0,3620.700888158896,Minor,1503869.5797773704
1074.2354619719522,3.0,2.0,4.228215976347244,2014.0,Townhouse,,2.1159751617184335,High,38.14193781449599,0.0,2900.878435139792,Minor,1630447.1382565424
1716.0554975190175,6.0,,1.094483830015674,2005.0,Townhouse,New,,Medium,39.58991321405424,1.0,2147.063115493796,Minor,1712505.5130364625
1875.1899019070756,,2.1,4.433741801231622,2019.0,Detached,Poor,5.111156870291083,High,34.14347851037373,0.0,1060.1721322291573,Full,523498.34850536654
2549.4937494313294,1.0,5.1,7.439273344495207,2001.0,Townhouse,New,7.74154017790478,Low,7.920622093429236,0.0,3303.9986614753507,None,1678086.214257867
3247.7682661168033,3.0,,7.433187049869636,2010.0,Apartment,Excellent,8.358423070220706,Low,46.624255760344205,1.0,800.221960884247,,867551.8849467785
2086.2446229278266,1.0,2.8,4.778222525607249,2010.0,Semi-Detached,Fair,8.140365089425963,High,16.407227074653523,3.0,,Full,1253114.6196223653
4852.586522376811,5.0,3.1,4.138968222069753,1984.0,Semi-Detached,Good,9.830953690505346,Medium,48.876709996369165,0.0,,Major,218526.95441957662
2937.5474022678754,,5.1,7.318601322689087,1962.0,Apartment,New,3.33339741665978,Low,17.599240731990403,0.0,86.52673217342976,Minor,1239340.4282886393
4443.048845200725,4.0,5.9,9.540565441900851,2000.0,Detached,Fair,,Low,8.038670393013236,1.0,1515.2332596705126,Full,1666749.8203042296
4110.49378042219,7.0,2.2,8.13513244926379,1950.0,Townhouse,New,5.70386761154901,Medium,14.417087982010917,0.0,4320.694091611955,None,637586.7079648196
716.3787985420026,3.0,4.4,3.0634331481722845,1972.0,Detached,Fair,9.669877606368214,Medium,40.725701521515276,3.0,143.6904748243567,Full,976983.071876781
2621.3653893367923,6.0,1.4,9.663788537625829,1983.0,Apartment,Excellent,2.819958931768886,,15.408033586250097,3.0,311.96254455376385,Major,1660844.3903104782
4129.139814461452,2.0,1.4,6.487384312363793,2013.0,Townhouse,Good,5.895057099584214,Low,29.897593415264428,2.0,2668.9031785939083,Major,670547.9323330288
4579.823183343669,1.0,3.3,2.0119132874180754,1960.0,Semi-Detached,New,4.686458807994143,Medium,34.79347129971041,1.0,20.58895676239514,None,1846577.8974755947
3347.846693538491,3.0,1.1,4.0315661686391335,2014.0,Apartment,Poor,,Low,15.219363601481684,3.0,3193.1804316996854,Full,393497.8020707392
4694.152815568117,4.0,5.6,7.516721560941894,1971.0,Detached,Poor,4.925815459629242,High,33.18970223585638,1.0,3121.8349044226825,Full,1003609.8441379091
3484.9039202671256,4.0,2.9,8.82821958632189,1990.0,Semi-Detached,New,9.896425073439627,Low,7.723551605663998,1.0,1105.5331970478444,Major,1304427.5925233115
1438.0940666978763,7.0,2.9,5.76543048050694,1974.0,Detached,Fair,8.013772084623072,High,31.51512287691433,3.0,2175.140458863807,Minor,995625.3834117664
3013.268337209868,3.0,2.6,2.2396022010902543,1956.0,Semi-Detached,Fair,7.956744207874941,Medium,32.74272700644801,1.0,3830.9667703176874,Full,884036.0797485466
3901.969301042698,3.0,2.5,2.1119668752642076,,Semi-Detached,New,4.302299278432333,High,1.6355722846384868,0.0,1008.2964331382905,Minor,1309801.3961529876
3498.912532342546,2.0,1.5,3.933572185627253,,Apartment,Fair,7.886985921854988,,14.70496974037821,2.0,3015.650714583145,None,1787458.6508241214
875.1647419774365,4.0,4.0,1.3375429189865495,1973.0,Apartment,New,5.695971054662895,Medium,0.3037574883806571,2.0,2195.0802052663666,Major,1359077.6642155456
1566.5540238103413,7.0,2.3,4.767011236058797,1959.0,Townhouse,Excellent,8.715542464488873,High,39.6220964136031,1.0,1971.3149705973292,Full,1285804.0116863814
3595.109804489502,1.0,,7.994177099567206,1962.0,Apartment,Good,8.039714124413244,Medium,22.330549431075138,1.0,1646.7170085657651,Major,1515719.514483098
2877.417295306484,4.0,2.7,5.149183349048409,1967.0,Apartment,Fair,7.031293560075956,High,,3.0,2723.0898852376595,,
,,2.7,8.473064472606056,1960.0,Semi-Detached,Good,3.170384077123369,High,22.844190981617352,3.0,1256.202051768562,Full,132983.25999273104
3822.592677797949,7.0,5.4,6.9156476271342076,2007.0,Semi-Detached,Excellent,6.163487241506417,Low,20.214380902923956,1.0,3183.3274425435284,Full,1883956.440801105
857.4392554092635,1.0,3.4,2.739818065787543,1981.0,Apartment,Poor,9.03771719037975,Low,8.232235987940296,1.0,571.2723748440545,Major,681919.4147807437
1331.7278730153485,3.0,3.5,2.9296716296116165,1970.0,Apartment,Excellent,6.615730532057752,High,33.09869937851806,3.0,4291.869521841488,Major,1559529.9215257687
4570.145866498222,4.0,4.9,4.1469993282490325,1990.0,Detached,Excellent,8.486199220475646,High,45.866533911290205,0.0,3823.0814080740483,Major,1219712.2242946161
1917.827092973382,2.0,2.5,5.842420783289053,2009.0,Detached,Fair,5.802784579574254,High,49.334767765422924,1.0,,None,1418999.6837975
654.2918561944502,,4.8,7.104461223499853,1995.0,,Poor,8.58603269174785,Low,39.8431914931745,2.0,890.9470303120198,,1653815.5812547603
578.4250100872997,2.0,1.9,2.557729424376612,2005.0,Detached,Good,6.252027925678783,Low,19.436353532950612,1.0,1975.1378541706938,None,
4709.958223660328,7.0,4.5,2.379468651009454,1957.0,Detached,Poor,8.661235378242715,Medium,28.13651208284524,1.0,3370.995309134892,Major,164723.73824298423
2176.343053797228,7.0,1.7,1.1114180667827163,1966.0,Detached,Excellent,5.255481510616381,Medium,0.63504911239467,2.0,1830.74634122384,Full,1930214.6855498913
3295.2910669339904,6.0,4.4,2.0156770986996504,1985.0,Detached,Poor,6.998388692236164,High,17.79994499789805,3.0,411.8818358480036,Major,1625499.6501911436
2362.642693789214,7.0,,7.766509662241478,2022.0,Detached,Fair,1.516192882602525,Low,33.566319733320775,2.0,545.581798360793,Major,1320472.554461529
1460.3708031301105,5.0,,1.4983980003680217,1954.0,Townhouse,Fair,4.940387190690979,Medium,44.724820943140244,0.0,3482.7388968914697,None,1788535.320236137
4449.605484373367,,4.0,6.451992720061508,2005.0,Townhouse,Excellent,2.2544253134003025,High,5.525487504342546,2.0,4283.996443406592,Full,1855283.4982430432
4773.469404284754,6.0,4.5,,2008.0,Detached,New,3.0723977899126336,Medium,4.585486629718777,3.0,4146.26851497239,Major,1766846.1632457103
4945.299285664035,1.0,2.0,9.932935718877538,1963.0,Semi-Detached,Poor,5.8718296993342305,High,7.7155865381812685,3.0,3721.5962617860896,Major,370592.44280311785
686.1705402973205,4.0,5.7,7.098760095170705,1994.0,Townhouse,Good,5.866003449498529,High,7.231259238225696,1.0,3800.1647637867277,Minor,1484767.9580880164
726.6585423275444,6.0,2.1,7.293326071538992,2000.0,Apartment,Excellent,8.194330226676238,Low,39.225858948923516,3.0,4903.401353341599,Minor,706022.6433114122
,2.0,2.6,1.80669820287772,2007.0,Detached,New,5.275475727948971,Low,35.58271405767939,2.0,779.9450433448801,Minor,180480.40944950934
1292.708211759732,6.0,4.7,8.887041248377237,2020.0,Semi-Detached,Poor,9.498857208886175,Medium,45.22459006085459,1.0,2726.6341615375145,Major,629860.3144925167
3027.450738148412,7.0,2.0,3.8801554776597054,1988.0,Semi-Detached,New,4.014605331098448,Medium,14.698516783882004,0.0,1314.3193220938504,Minor,1343799.045290146
3109.2878566539052,7.0,5.6,3.81291061735181,2006.0,Townhouse,Excellent,5.131203600044751,,33.979693732903336,0.0,1151.377288909709,None,1834321.3013569256
3478.7628798827095,2.0,4.2,5.19103912638735,1978.0,Semi-Detached,Poor,7.933570294607525,Medium,18.228327943781895,2.0,2046.4565195070234,Minor,1412462.2407468413
669.1099585208286,4.0,4.7,7.36870565325035,1962.0,Apartment,New,6.913929233667002,Medium,6.875005208146612,0.0,1683.1199064034786,Minor,1205211.7883056419
1888.7991990110315,3.0,1.6,3.650038019208313,1993.0,Semi-Detached,New,2.5012395284102125,Low,39.30193841525117,3.0,,Minor,734039.516770698
2813.7177219523687,5.0,5.1,7.997618036068973,1989.0,Apartment,Fair,5.670927058336407,Low,31.257416280220752,1.0,2073.954315492443,None,520850.6196976619
1284.7700629197532,4.0,3.8,3.210497715979862,1992.0,Detached,Excellent,1.6820317664860402,Low,35.16033702497957,0.0,1425.9057681413062,Full,1147971.722435799
4748.14388109429,2.0,4.8,2.104475363258505,1999.0,Detached,Good,2.3439025011889183,High,8.146639346641349,0.0,418.81696677528333,None,1019234.7433065688
4229.677131972645,1.0,1.4,7.27023593650601,,Detached,Excellent,1.9411953967464175,Low,32.25406492620921,0.0,1454.1898617552579,Minor,1401823.3073370375
1127.4133399579155,,4.0,9.294205636237855,2011.0,,Excellent,1.8552203667822238,High,15.465510575804348,0.0,2419.4934403632506,None,1121567.1265825469
3518.915654020735,5.0,,9.186879561651748,2004.0,Detached,Fair,,Low,12.577559166401375,1.0,3035.319442173381,Full,890153.4320022343
2345.833176893937,4.0,3.5,1.5625224296665061,1979.0,Detached,Good,9.013973717329481,Low,32.48516555123838,,3196.5591748894153,Major,1709987.2440597126
,2.0,5.2,4.524756496565228,1977.0,Detached,Fair,7.192686868385065,Medium,1.2157349572367526,1.0,1047.1960636836197,Full,1610713.9148731288
1809.3376546971513,5.0,5.7,3.586152744542499,2017.0,Semi-Detached,Excellent,7.0794465845921,High,45.212894783702254,1.0,,Full,1645606.2215617558
3482.005332157879,,2.1,5.092256074137689,1990.0,Detached,New,9.062977574840142,Low,,0.0,2015.6804179520277,None,273090.45516776916
4566.006755465529,6.0,1.3,1.454010245211439,1961.0,Apartment,New,7.280223456078982,Medium,20.963119727653623,0.0,,Minor,383465.6254237075
4263.269144577624,6.0,4.9,4.696307821232594,1987.0,Semi-Detached,Excellent,6.479912155588473,Medium,27.192767842284205,0.0,4420.66616598863,None,480795.1962224849
2070.345958054707,6.0,3.4,9.648484208256553,2002.0,Detached,Poor,7.70770223049373,Medium,41.743672528579125,2.0,3369.5349376054883,Minor,
3684.8382265277505,7.0,1.3,6.10254184299777,1972.0,Townhouse,Excellent,,High,11.159720850115479,0.0,3311.0782803209445,Minor,787341.2005051185
2873.2371611465346,5.0,1.4,2.9556619184231985,1991.0,Apartment,Excellent,6.407527934104418,High,46.14409027327451,2.0,2891.5791930488767,Full,1344617.9201466322
2481.654063763406,6.0,,8.283071652204086,2016.0,,Poor,1.9688249422354858,,14.825831659237105,3.0,2303.9326900386454,Full,180488.29975036546
1835.2678039223858,4.0,1.0,,1960.0,Detached,Poor,1.6317334403464647,Medium,26.894793411680833,0.0,,None,1493062.2599454855
865.5171806465803,1.0,3.4,1.574015389687177,1959.0,Apartment,Fair,2.483962131676017,Low,8.45613400563519,2.0,1962.1412205833406,Major,1549835.0796409019
1365.9264442052688,2.0,2.9,4.1715592008612425,1980.0,Semi-Detached,New,6.5917192050516755,Medium,31.11874678814156,0.0,881.9404935015335,Major,1516619.9184757208
3048.8278453010585,4.0,1.2,8.326561358451734,1993.0,Semi-Detached,Poor,5.69720438421284,High,7.836069221123642,2.0,4077.2929686241496,Full,
3778.9529650538207,1.0,2.2,,1986.0,Detached,Excellent,5.919124593257942,High,4.207651283436176,3.0,1054.8181099079384,,286732.9722357821
665.4619045591537,2.0,4.7,3.9388987921118033,1974.0,Detached,Good,4.470400521083576,Low,24.582395731037565,3.0,1386.2983940045604,,1510936.828970631
,7.0,5.0,3.443959960701764,1970.0,Semi-Detached,Good,8.40627343161201,Medium,34.87957917680657,0.0,63.55650461117357,Full,
1246.116006034927,4.0,1.0,9.082659966809224,1964.0,Detached,Fair,7.6794910176289655,Low,,3.0,1872.1432051129766,Full,791688.0962951997
,3.0,1.5,3.6478603193932364,1960.0,Townhouse,Good,1.463133529807139,Medium,2.7365114980145933,1.0,3549.022735659096,Minor,1153252.5701427958
4390.953217690108,1.0,6.0,3.1629665952798467,1994.0,Semi-Detached,New,2.8025810620522718,High,2.124530864405505,3.0,891.3190325446352,Minor,106892.5078447677
4683.637355643998,1.0,4.2,9.34458252111767,1957.0,Townhouse,Excellent,5.911550976488255,Medium,0.07322393370758906,3.0,2556.8313366470043,Major,919241.9656768197
4483.48606112979,5.0,4.4,9.99797885863648,1975.0,Semi-Detached,Good,2.721607075365318,High,,3.0,4693.647729089073,None,417368.0695905687
4425.622360688752,3.0,2.9,6.342163914561147,1970.0,Townhouse,New,2.270297651171828,Medium,43.325859405802156,0.0,,None,1935365.0761712147
3204.197100312127,,3.5,9.413134743840331,2001.0,Semi-Detached,Good,1.0857686775362398,,22.605198997709596,1.0,3973.2895214322593,Minor,702166.0904273678
1593.3715597338346,2.0,3.5,7.912779627490978,1999.0,Semi-Detached,Excellent,9.84660387550658,Medium,46.15912669231855,0.0,3991.8864364502106,Minor,1614386.9411399332
3861.299598501952,7.0,2.7,2.6885383316143803,1973.0,Detached,Fair,3.081998801160451,High,12.469673177783369,1.0,3261.245106525631,Major,341646.2249657621
3760.2838724261333,5.0,4.4,7.155319461414162,1975.0,,New,4.801960125853088,Medium,49.168520065131545,2.0,1830.3766250230974,None,442182.25795137015
1249.938057543905,3.0,3.9,8.110953433856611,1990.0,Townhouse,,6.642407482044712,High,41.24283596667026,3.0,3798.1671576282,Minor,1426309.0929088048
1376.7299034389816,6.0,5.7,7.686985970310957,2000.0,Semi-Detached,Poor,3.2160947239037387,Medium,39.19206187614061,2.0,4699.755016305112,Full,1568652.4831249155
992.0169731480089,4.0,1.0,5.7695774071860075,1965.0,Semi-Detached,Good,8.325625850013958,Medium,29.779307866395172,1.0,1360.6869129622817,Major,1807616.91611394
,6.0,5.4,5.636839400648606,1990.0,Detached,Poor,6.3326593507306725,High,,1.0,2507.881484280486,Minor,1419372.5377613602
1947.0321773222838,1.0,5.7,8.396558713370414,2001.0,Apartment,New,7.163086654092418,Medium,,2.0,3001.5808668420927,Full,1444411.0625207736
4550.5491480478995,5.0,1.7,,2006.0,Detached,Poor,2.3830937491959667,High,40.51824650075492,,2971.9155038309286,,541928.5286170174
664.9282711872559,7.0,2.1,8.136241713227498,2000.0,Townhouse,New,7.503483410325529,High,41.6196332295173,2.0,2083.6096193743365,Full,1897244.4552896079
1958.3728926406636,1.0,1.3,2.8669990845155757,2008.0,Townhouse,Poor,1.476757056368672,Low,44.30649738484364,,2718.0017815822503,Full,1454245.026863109
4442.094964188873,3.0,2.2,9.697897895321262,2017.0,Detached,Fair,3.8885115106386814,Medium,12.89218190043086,1.0,279.248579126507,Full,437137.19164001395
4995.474650302818,1.0,4.2,7.595445169952899,1989.0,Townhouse,Good,4.874941252071251,Medium,43.475560180821596,1.0,322.11240527832695,,1333029.468208848
3753.5809859851634,5.0,2.1,4.801245972815757,1965.0,Semi-Detached,New,1.8561268574376797,High,24.516523348504148,3.0,4658.831901066222,Major,1638255.7609778326
4553.004435764391,4.0,5.3,6.393177346029101,1984.0,Townhouse,Fair,6.033018709011864,Medium,32.66680598281339,,2755.5256970518353,Minor,980266.2553044733
572.5588043134869,5.0,5.6,6.758110838224559,1975.0,Townhouse,Good,4.068449750545556,Medium,48.03859243364489,2.0,976.0913934343668,Major,741429.4608248547
3972.8635011471188,2.0,1.1,8.21116719600196,2022.0,Townhouse,Fair,2.217566925161613,Medium,44.93304275402818,0.0,1322.4399016304594,Minor,
2577.3158142907987,1.0,3.5,7.30710326314349,2008.0,Townhouse,Poor,3.5691911236192224,Medium,12.484328019502067,2.0,3519.6290640776374,Major,1724087.841994952
3606.9487899581786,5.0,1.1,8.599842868947132,1952.0,Apartment,New,6.222207842563805,High,36.689164030367614,0.0,3460.2939599588008,Major,1592008.5969031886
2434.8206942533493,5.0,4.1,4.552819774664442,1954.0,Townhouse,Excellent,3.0278435655552305,High,41.470142263621234,2.0,3290.6543392573944,Major,489319.40298755147
,4.0,2.7,4.7915490402096435,1989.0,Detached,,5.232433166132048,High,22.067871000051912,3.0,1249.7172696846276,None,1163952.332081311
1669.9955263085312,1.0,5.2,2.6972590113315906,,Townhouse,Excellent,7.213750551029161,Low,5.347462519516133,1.0,4167.599137911276,None,936166.4571309526
3083.429086942418,1.0,5.6,5.641373082233315,1997.0,Townhouse,New,6.502053158981878,Low,15.708190718440223,,324.39192537863096,None,1425414.8068267056
1808.6749745543532,7.0,,4.61401425812905,2020.0,Townhouse,Poor,7.876663576341509,Low,36.70935180077603,,2109.2577728555984,Major,1800781.465966417
1761.1277381220937,2.0,5.8,6.983615468716837,2002.0,Apartment,Poor,7.227757747376485,Low,,1.0,3818.07963674851,Full,569055.768119277
,3.0,5.3,6.426300480945255,2021.0,Semi-Detached,Excellent,5.359458364380474,Low,38.5796431586685,0.0,,None,689073.949659148
1403.445369881389,3.0,1.5,8.717191054203557,1976.0,Detached,Good,,High,,1.0,1202.2288566324896,Full,549349.0105575668
1502.3822262034566,,2.8,2.514629407364295,2022.0,Apartment,Excellent,3.382421194934346,Low,16.29946856684017,1.0,6.71766378837646,Major,1537760.3618205439
4691.860253882537,7.0,2.7,9.239017728904605,1985.0,Townhouse,Excellent,9.388272922953435,,34.39772543012354,1.0,2471.417033851802,None,1044248.0260854762
2545.0462011250183,5.0,2.5,2.9847259435817746,1985.0,Detached,Excellent,9.117330223292374,Medium,4.845669567859845,2.0,4593.058989301104,Full,1005009.559438791
3263.636285394629,7.0,5.0,7.486315033317492,1988.0,Apartment,Excellent,8.347732559587596,Low,33.225788901047146,1.0,2563.384465194872,Full,1041468.2784509545
,3.0,2.5,5.484180246928265,2006.0,Apartment,New,2.3413697219976846,High,1.7870334390831522,2.0,4667.728251449745,Full,685285.8372802646
1694.3284782797678,3.0,2.9,7.323984684008733,1985.0,Detached,,7.950799531531671,Low,12.600169643494274,3.0,1077.155171777126,Full,534790.2689893912
500.8033169178286,5.0,,5.82638928003612,1956.0,Townhouse,Excellent,9.3476737131779,Medium,22.407920347398917,0.0,1974.2608474643637,Major,1626666.9576863728
969.4832253419802,2.0,3.6,6.871752482219618,1970.0,Detached,,9.18828245249024,High,42.259549230391194,2.0,4957.962776784947,Full,1296360.7432161877
4238.524112943708,6.0,1.6,7.768213300956294,1964.0,Detached,Poor,9.145510139111126,High,7.429636503475795,0.0,3997.6535364202136,Minor,1469262.0544076597
992.0923799936181,2.0,5.3,2.7381071253379283,1995.0,Apartment,Fair,7.065491686993591,Medium,38.9947420863349,1.0,2878.148529302359,Full,668359.7710446636
1430.4421289503898,6.0,5.0,4.081158869422548,1996.0,Apartment,New,3.251968768813672,High,28.228952099301942,3.0,,None,427700.4716863517
4607.710676525486,,2.5,8.80508840622128,2008.0,Detached,Good,6.269998006397705,High,22.85513510442623,1.0,652.3727221006919,,614687.5696941318
4135.17223539605,3.0,,8.525000146900261,2010.0,Apartment,Good,3.554398527778487,High,,0.0,2201.273737570166,,1796308.2245455116
739.7349814732936,5.0,,7.129908035103828,1990.0,Semi-Detached,Good,8.207198606398027,Medium,17.23010565387809,3.0,4074.650508192666,None,739975.4397330849
3395.5431371272684,2.0,2.1,3.7478840652321894,2003.0,Detached,Fair,2.5495056216549985,Low,49.72925620632553,2.0,3706.922181698081,Minor,221545.1846514221
2820.571511050993,,3.5,,,,Poor,2.9475687145789813,Medium,5.525404966439684,1.0,4272.686917504636,Full,1030747.7691454483
2142.07840271437,1.0,4.7,1.4368176110160173,2022.0,Detached,Fair,3.385828335777261,High,6.928944438431028,3.0,2026.1340763126723,None,725261.4025752654
2739.158819680781,1.0,1.5,9.406518423186888,1961.0,Semi-Detached,Excellent,6.348620942732128,Medium,44.201537648164354,2.0,2887.356593992415,Minor,1010819.9739367607
1179.7383172899872,2.0,4.5,6.722556255986783,1957.0,Detached,Poor,6.29176323738572,Medium,10.956198364384889,2.0,1539.981589538924,None,
4796.489660177653,3.0,3.7,4.718043505138969,1971.0,Semi-Detached,Poor,5.943648927098257,Low,3.054388060278895,,2690.6618582283663,Full,1914556.7998385197
1271.7223807436235,7.0,4.1,7.211105019682458,1999.0,Townhouse,Excellent,2.3076759599982823,Medium,44.55172651480866,3.0,3081.5464162562916,Full,1580099.1881069746
1337.4179446306273,7.0,5.6,,1983.0,Semi-Detached,Good,5.170916184321074,Low,3.120661727448754,3.0,2580.0947958315724,Full,1039867.7261325754
2159.7967966590345,5.0,5.8,4.156092918270402,1962.0,Townhouse,Good,9.356218514607493,Low,42.98765164507094,0.0,990.3934237938932,Major,1569320.5493343854
1456.6626742201556,,,5.510362452313367,1969.0,Detached,New,9.444083443143318,High,26.527968021422428,0.0,1696.9217274474984,Full,554988.1014565696
1907.8233889847786,7.0,4.5,7.629425936344192,1957.0,Detached,Good,5.324164868792279,Low,26.7170117578135,,3146.58324451665,None,1671674.0359956517
679.3273999270084,2.0,4.8,8.539368977313998,2019.0,Townhouse,Fair,3.3616192291546523,Medium,6.543699064336145,0.0,2869.4891567222653,None,1148191.4890120453
3264.2397218024735,1.0,4.4,1.8963122420646945,1974.0,Apartment,Poor,9.934064785347793,Medium,31.518229158078626,2.0,2242.150971143993,Major,
1585.0459525441172,1.0,1.1,1.5836839044946764,1963.0,Semi-Detached,New,2.9796438890417143,,18.515310705284012,2.0,311.6061462794001,Minor,1188942.2340054323
4869.398368496878,,6.0,4.06261242847941,2008.0,Apartment,New,8.568434347772008,Low,18.1288349714204,3.0,2268.647686428267,None,730015.4908817839
1013.9257328998253,7.0,4.2,1.3520114619567645,2000.0,Apartment,Good,3.652096891296111,Medium,34.85345717673785,1.0,2832.4865566381436,None,307173.4202896051
847.9795485680961,2.0,3.4,5.453395274492283,2002.0,Detached,New,9.18920247985492,Medium,43.38959732754061,3.0,1093.9503067729656,Major,984065.7918827452
1283.9656853345696,6.0,3.3,8.415517079283312,1965.0,Detached,,2.07044614472692,High,36.56878305975401,0.0,72.03165815270252,Minor,1500497.192027794
2940.995982927482,1.0,2.2,4.129215726089695,2016.0,Semi-Detached,Excellent,3.846611431741347,Low,34.09513280539426,0.0,2560.6877997289685,Major,663339.0158016266
,4.0,3.4,5.2824233647512795,1987.0,Apartment,Good,6.786857220071861,,44.30617046929623,2.0,1896.0976512675409,Minor,662737.3156309634
3015.758619070161,1.0,4.7,6.169071858861036,1994.0,Detached,Good,1.8520667163226665,High,45.01250597139693,2.0,3449.286444004283,Full,1560492.1013170618
4371.656003965814,4.0,2.3,9.2230331589836,1965.0,Townhouse,Poor,4.525537038228169,High,36.817602412722934,0.0,628.9915348425262,Minor,454756.328922203
3171.0480055813878,7.0,5.2,9.339675896528288,1974.0,Townhouse,Fair,4.54311743588031,High,41.01548402296453,1.0,2708.909745470809,Minor,873112.7872491038
1123.5976128783677,4.0,2.1,6.686713810978911,2001.0,Townhouse,,5.600977314590221,Low,12.065707798785501,0.0,4497.928292751396,Full,1274836.6694903239
1335.533309201327,4.0,5.3,,1995.0,Detached,New,1.032785299196953,Low,34.06188618415496,2.0,4627.222955636462,None,802529.9586525272
2109.2779854251717,6.0,3.9,2.7064986738526944,1957.0,Townhouse,Fair,6.86146680346692,,24.460031775846584,3.0,4397.769903220256,None,1932292.3681627167
,7.0,5.2,2.81513177062694,2022.0,Semi-Detached,Fair,4.684152499213793,Low,42.453715053692285,1.0,4009.4597162300643,None,1847073.7624556005
2570.105581432395,3.0,3.1,6.390571858768931,2005.0,Townhouse,New,3.17888139571013,High,48.04912115074663,3.0,4690.102968811464,Major,1903054.4722302658
4433.68277598268,2.0,2.6,,1962.0,Detached,Fair,2.856302262798963,Medium,13.36505977243262,3.0,4844.259590567424,None,1966324.5864174112
835.9717980251016,2.0,4.5,1.8007441927768257,2012.0,Semi-Detached,Excellent,7.975299954898581,Low,33.568278254513125,3.0,1422.1349383894576,Major,1949563.1763067762
3590.2070691890694,,2.8,3.606991774215759,,Detached,Fair,,,42.74255179201349,0.0,2438.667454748364,Full,700660.2029045019
2602.4902730129525,6.0,5.8,,2002.0,Semi-Detached,Good,7.095667079389278,Medium,34.08145208447966,3.0,3548.0333518705384,Minor,1102406.276391123
1278.9129618460424,6.0,4.7,7.942310671984686,2004.0,Townhouse,New,1.0884101629033154,Medium,34.405601562303836,3.0,2540.3004080463993,Full,1589157.617487192
867.1475457357514,7.0,,4.099984529437446,,Townhouse,New,9.732674441524695,High,40.875317682596936,2.0,4537.624376719214,Major,1467281.5306076969
1918.804627660414,,1.9,5.474647343458696,1988.0,Semi-Detached,Fair,1.723494690267338,Low,35.128226629590294,3.0,4872.952286792454,Minor,598367.3114346587
4192.713168578562,,3.8,5.465333104920215,1962.0,Semi-Detached,Poor,4.640762820173057,High,41.35199691903842,3.0,2480.787203033469,Full,790307.3565833404
3382.725933575346,4.0,4.0,9.340840374866398,2016.0,Townhouse,Excellent,7.008631382089309,Low,49.55926742585079,2.0,1653.7210518831992,Major,1882105.8132864847
2579.4188070570017,1.0,5.8,8.607041756679875,1968.0,Detached,Good,6.618343132012022,Low,27.201208128735782,1.0,2035.339109245755,Minor,1873595.1402424136
4304.646744906237,7.0,4.7,8.720961119832378,1980.0,,Fair,9.032531963023237,Medium,33.29664068645399,1.0,3392.939062458606,None,1479280.758695186
1314.6430348308736,6.0,2.3,2.499464483658351,2002.0,Apartment,,9.72745319684545,,30.76120319061354,2.0,3631.2442331121842,Major,
1755.5510922674978,5.0,2.3,9.107437865474076,2015.0,Townhouse,Fair,7.477795678366459,Low,14.096888798182434,0.0,1890.3177461697596,None,
2993.3215424855207,5.0,3.9,4.5436266016414795,1954.0,Apartment,New,6.7489690270023965,High,41.66076508111004,0.0,4231.889732786892,Major,498496.3141740091
,1.0,1.6,5.902717580966476,1979.0,Detached,Good,1.8851729503317225,Low,19.314950439965255,1.0,630.06071106681,Full,1572116.4783869868
1944.2069629378811,7.0,4.5,,1998.0,Apartment,Fair,4.96568064382027,Medium,47.737451486588064,1.0,118.97519173982852,None,254293.23164308126
2769.373588497742,5.0,,4.871588171951093,2007.0,Apartment,New,2.6829112922387397,High,41.350525777600744,3.0,4898.78788569688,Minor,1634821.1240532324
1039.837141574157,5.0,3.9,4.089167079396008,1967.0,Townhouse,Excellent,4.416669596661737,Low,7.751427648268367,3.0,4601.5326594373655,Minor,681342.6331163943
549.7168371072407,6.0,5.9,3.2321524498702847,,Semi-Detached,New,2.272280816631512,Low,,0.0,1528.8115404124765,Full,805953.0784886626
4572.928387679383,7.0,5.4,5.621973712362805,1987.0,Apartment,Fair,8.068199416953338,Low,7.0082499734816945,0.0,4779.993452087174,Major,1418757.5591987732
2486.7652381268545,3.0,5.2,8.53869145422106,1999.0,Detached,Fair,5.618252113579323,High,38.9321589226494,3.0,1564.5029781895182,None,535614.8917370151
1539.8071935546484,5.0,4.7,7.887013296265585,1998.0,Apartment,Excellent,1.9951134903884955,High,36.45798806538765,2.0,2360.2427698074207,Major,1700227.3656848443
1984.2338897253142,1.0,5.6,5.589111407690302,1977.0,Apartment,Fair,5.6872596332662555,Medium,30.11377944862248,3.0,2641.872669034902,Full,1867155.7024410248
2829.448058511805,4.0,5.6,4.08527116848423,2005.0,Townhouse,Poor,3.964617378478887,Low,9.067172952064439,2.0,3193.376551583051,None,1977529.833600545
4759.042296798482,3.0,1.8,1.11449446967109,1982.0,Townhouse,Excellent,5.512211981231144,Medium,22.488411241511784,0.0,2628.327230656411,Minor,1416305.5023509627
3744.375129417134,5.0,2.1,2.8693259532258852,1951.0,Detached,Good,3.3117228642338037,Low,26.76032663116189,3.0,4557.155357687228,Major,1165723.2774778367
4766.838371310967,7.0,5.6,2.6813192584519836,1951.0,Semi-Detached,New,7.807425064822503,Low,48.52557360014878,2.0,2799.464925376654,None,1793312.037666779
1004.3282518851513,7.0,2.4,6.295148455564118,1981.0,Apartment,Good,,Low,10.93093091089984,2.0,150.67755636077874,Major,638634.6903859143
1302.252932548351,1.0,2.9,9.286851240925397,1961.0,Semi-Detached,Excellent,2.2620031763209894,Low,17.57377686451586,0.0,883.081198184848,None,1112347.4625255815
2133.5980157886015,2.0,1.2,3.8460386841628935,1988.0,Townhouse,,6.1420998145271,Low,32.1342586831672,3.0,4790.8296379479025,None,512589.2553326391
1599.4159572089839,2.0,5.5,8.138300838597523,2000.0,Apartment,Excellent,6.834589759753165,Medium,10.525198139634934,3.0,222.72663174740137,Full,719133.1064782144
4806.674155182475,6.0,1.4,3.967608852787408,1955.0,Apartment,Poor,1.3744197844420865,High,8.954858440611341,0.0,3780.4701415961795,Major,1434434.3243815424
1270.3436185932883,6.0,3.6,9.677461873185607,1964.0,Semi-Detached,Fair,6.99664990122542,Medium,22.112909224242287,2.0,4883.098643608808,Full,285047.05947189254
1264.7247046878247,3.0,2.1,2.753563603552078,1996.0,Apartment,Excellent,2.8139022636910704,Medium,26.042493253871235,2.0,150.18505074422873,Full,1023204.7636484514
2694.38062071114,6.0,1.1,4.661994300299995,1994.0,Townhouse,Good,2.327628064533945,Medium,34.414785406662,1.0,4299.763688897443,None,1698680.8758406283
3636.0316965865513,6.0,2.4,2.3442345109493603,1994.0,Apartment,New,1.1810665913854366,Medium,38.01434748673137,2.0,3521.238953272787,Major,1042191.3399073468
2206.792451396048,7.0,4.3,3.0360019347473415,1964.0,Semi-Detached,Excellent,5.425579697081714,Low,43.44386899477099,0.0,163.71999431626816,None,557788.5618059766
696.7369482412472,2.0,1.4,1.9536584637736285,1959.0,Apartment,New,7.771199700533616,High,16.945519031851436,2.0,2994.5848939628895,None,775377.9430992289
3946.310663813691,1.0,5.3,1.9856209186245635,1961.0,Apartment,Excellent,6.359236538993247,Low,25.20527077745634,3.0,4580.699343528221,Minor,1200129.3335304274
4754.48215341078,6.0,4.5,6.656474327432924,1984.0,Apartment,Excellent,8.79195585638713,Low,43.16762654078398,1.0,2226.106810749836,Full,
4147.215382146333,2.0,,8.054701012488701,1953.0,Detached,Excellent,5.80706026437845,High,23.16791775765889,1.0,,Minor,115448.99154216873
4280.399427020957,2.0,3.0,1.729255046067685,,Townhouse,Fair,,Low,6.910943260128832,0.0,1628.3653945286908,Major,440203.36055971653
,5.0,5.0,2.9917933922296482,1992.0,Semi-Detached,Good,8.692550819097361,Medium,21.771011068054204,3.0,1969.0282628371265,None,
3917.771531249085,1.0,,3.88979307041975,1980.0,,Fair,9.269203531271193,Low,38.49331273394827,1.0,3442.8497765439324,Major,257997.3636941416
4124.449594124246,1.0,4.1,9.430910332161861,1980.0,Semi-Detached,Good,8.859536091202372,Medium,,0.0,152.9720959786124,Minor,1716874.209775626
844.9966741485662,1.0,4.4,6.382384788038127,1980.0,Detached,New,2.7114820122656402,High,12.254309116254824,0.0,3664.2602375571205,Minor,680320.4365540388
745.7236115306821,7.0,5.4,1.965447362380675,1969.0,Apartment,,9.914925470128061,Medium,47.07142875304516,3.0,1314.9771369056778,Minor,1596686.3516622405
838.5476241526513,6.0,3.3,4.327688441240661,2022.0,Apartment,New,,Low,15.2354267513922,2.0,4242.127916710721,Minor,1699149.1774254737
3161.8443774856814,6.0,4.5,7.436618786973236,1986.0,Detached,Excellent,8.707385559077021,Low,,3.0,2795.928857532227,None,1882906.837578111
1585.5874985538148,4.0,3.9,9.804115190832684,2008.0,Detached,Fair,,Medium,17.657259780935487,1.0,1441.8053941225355,Minor,1446703.2704578782
626.7561885077857,1.0,4.5,7.645327029389718,1973.0,Townhouse,Fair,2.7833213385395297,High,20.847636132351866,1.0,3411.625327084708,Full,1737382.8130329938
844.58174293068,,5.4,2.630639923631031,2008.0,,Excellent,2.7434295653940386,Low,32.16629783585864,2.0,4572.5775332842895,Full,618242.4667132256
808.366280959815,2.0,4.9,8.372669442123723,2022.0,Townhouse,Poor,5.669413008089492,,24.060526177148855,0.0,2587.0748702092787,Full,129712.52701418973
3323.815063419051,2.0,1.6,1.0300167381455694,1978.0,Detached,New,9.032860337435752,Low,,2.0,4310.446416340591,Minor,1391014.1870709737
1142.8739921107199,2.0,5.7,5.341520231004686,1994.0,,Good,4.445981753696273,Low,25.431294368210317,1.0,4679.506237959707,Minor,586523.965129867
,1.0,1.2,4.105642676688026,1961.0,Apartment,Good,5.445987069187196,High,14.904564132752002,1.0,1877.2246934021553,Full,1524518.9284174212
4966.986037248374,1.0,4.8,9.516934551232477,1957.0,Apartment,Good,4.772758165525421,High,31.549539060229435,1.0,4146.765494677348,Full,812942.9779942285
2485.3630254644886,7.0,2.4,1.4132748696939785,2009.0,Apartment,Fair,7.644897676495363,High,9.08318951233743,,,,1559447.6061945907
2919.3712835262504,7.0,4.9,3.300113517768789,2016.0,Townhouse,Good,1.8909770507684356,Low,29.099191296669645,2.0,2781.9735096845548,Minor,1547418.9493065078
1669.6019280252215,3.0,1.1,3.3387638342480788,,Apartment,Good,7.480942040974817,Low,22.501055828410298,3.0,275.4042398597073,Minor,939047.868474767
3449.9561077140183,7.0,2.1,4.810428757406786,1969.0,Apartment,Excellent,8.06826398234034,Low,40.40848188763443,0.0,4016.325164300368,None,1733042.0039963317
4617.471365101219,6.0,1.4,9.310110183705763,,Detached,New,7.436448747666633,Medium,16.952462388384486,2.0,263.40891606562053,Major,991543.3313464314
1313.54113331982,3.0,4.8,6.873588320378679,1991.0,Townhouse,Fair,7.093511935406211,Low,5.002839325350678,1.0,4836.316123314584,Full,
4789.331932010029,3.0,2.0,2.092899502229256,1999.0,Detached,Excellent,4.513040506093187,Medium,4.262259748654124,,,Major,175790.79802371108
1496.1032720183675,4.0,5.6,8.423783390613536,1981.0,Apartment,Excellent,5.352251955619938,Low,22.520204350592987,0.0,133.89988258187824,None,1129864.9515395842
1696.702079997022,3.0,3.1,6.668513101588693,1955.0,Semi-Detached,Fair,2.906576076347922,,25.892008434443504,3.0,1152.7032636909873,,
4602.066945155278,7.0,4.6,1.1453880903584372,1981.0,Apartment,Excellent,7.2299939284220684,Low,18.75714991188361,0.0,1147.6809725703768,Minor,699123.390421978
3170.1918005375505,5.0,5.1,9.26713156576003,1981.0,Townhouse,Poor,2.8814535943111226,Medium,39.37577452322513,2.0,4317.881209744376,Minor,977693.3270181774
642.6029900407674,1.0,5.8,1.42692602658266,,Detached,Fair,6.021715078856678,Medium,33.26422680629313,2.0,369.9117766830867,None,424488.88508000475
4113.285106951176,6.0,3.3,6.489498405181779,1981.0,Townhouse,New,7.722518067948055,Low,28.27110877798042,0.0,862.4789952885426,Full,1646795.969389127
3389.237662848477,4.0,4.4,6.407540946715821,1950.0,,Fair,2.660140052930126,High,30.55721592031226,0.0,1835.208402116932,Full,896645.2924618535
3843.785140819321,5.0,,6.479174394035911,1960.0,Detached,Excellent,3.437770280560598,Low,38.17010032796241,1.0,886.4326024406944,Minor,374417.0414955768
1227.8821491479584,2.0,2.4,8.634476995460716,1961.0,Apartment,Excellent,4.951546391629538,High,30.397060612660276,0.0,959.7581939948541,Full,654339.9015937778
4428.196418000802,7.0,4.4,2.112757970882325,1970.0,Apartment,New,6.824367636450157,High,11.137273849786599,,1065.1742769489624,Minor,354290.13572499517
4022.8651799687686,3.0,3.0,5.812046515024185,1970.0,Apartment,New,3.9090781374147943,Medium,20.307165220760346,2.0,712.4016142829581,None,1132283.4468743356
4808.40163741428,3.0,3.9,6.162440296224478,1959.0,Townhouse,,2.600441349562171,High,6.8077894001366435,0.0,3092.8317668982295,Full,988322.0502606602
2339.5738834877325,7.0,2.0,4.57901127711692,1958.0,Detached,Fair,2.400272765369822,Low,,1.0,,,501140.9702181273
2832.599303147756,1.0,4.6,5.75265741489461,1961.0,Townhouse,Good,3.364671906233236,Medium,10.930133928171726,2.0,1783.1533580995224,None,1945904.2586140004
,5.0,5.8,5.508496269897635,1981.0,Apartment,Excellent,4.641481147747033,Medium,30.01281966180421,2.0,3359.0368351006437,Full,1353238.3424240425
969.7522902524006,5.0,,7.83078910041486,1967.0,Detached,Good,1.8365062120311428,,2.678215582067395,2.0,1551.7253426492366,,707651.7834554916
1446.6599749159889,6.0,,2.3130227966213552,1999.0,Semi-Detached,,9.569322592357487,Low,15.888855542430335,2.0,1718.8943934321205,None,799592.2540987406
,6.0,5.3,1.2663070732542554,1988.0,Townhouse,New,,Low,44.75023598461912,2.0,3839.885513339372,Full,1890636.6335568202
4753.020024974229,6.0,1.8,9.383424266478977,,Detached,Good,8.841074195248762,Medium,,1.0,3927.879368299423,Minor,1197929.6097915396
,6.0,3.0,3.82281131951012,1954.0,Detached,Excellent,8.446816718443909,High,4.651589129675221,2.0,3702.210435554187,Minor,312679.58917805424
4972.850573994131,3.0,1.9,8.125595142199717,2020.0,Detached,Fair,4.86215748501724,High,,2.0,1664.6684162447084,,1632332.6007307845
2280.1291701884493,,3.7,3.8776416585727365,2005.0,Apartment,Fair,4.033571508734035,High,19.202536878398796,1.0,2652.9910841528135,Major,1769233.2333093868
3417.3049087815157,5.0,4.1,1.03549510389908,1971.0,Semi-Detached,Fair,4.895737619655543,Medium,6.755690340860799,3.0,4367.879729085223,None,1335506.0118678773
2348.300436640751,7.0,5.6,2.940336867577829,1980.0,Apartment,Excellent,1.1699555610427126,Low,40.91470595056192,0.0,2134.567452388279,Minor,189926.5741728781
4028.210055354272,,5.2,1.9489600136023522,1967.0,Apartment,Fair,2.4377217934577464,Low,43.49541426779795,1.0,1364.4271228423565,None,661064.6948813718
4777.615593184795,2.0,4.2,8.404663573172712,1957.0,Apartment,Poor,5.917856574446701,High,25.22874320783991,1.0,143.91295909047807,Full,1491283.30572928
2514.988517309009,3.0,4.9,2.537118106442965,1982.0,Semi-Detached,Poor,9.34411941413034,High,9.497414457312608,1.0,2853.5708705476063,Major,580609.2889146879
1310.8936024875734,3.0,4.1,9.94315246061001,1964.0,Semi-Detached,New,9.345763730078126,High,20.97575730747558,3.0,1075.1721348041349,Minor,934019.2540392039
1499.3692317961463,7.0,3.9,,1956.0,Apartment,Good,7.429570955939289,High,1.6254873917169177,3.0,3646.8408354543453,None,637254.4895457638
1696.1087287429395,7.0,1.2,3.9062790596618706,1984.0,,Excellent,5.364088248277345,Low,35.131442140254734,1.0,420.92701016067656,,293367.96968879993
,5.0,1.1,5.542914600503825,1985.0,Townhouse,Fair,3.4084798745237586,Low,45.16305620915351,1.0,2069.394613131494,None,962121.7681620582
559.544066993242,6.0,5.3,9.65539830517851,1989.0,Detached,Fair,4.726252132751592,Low,0.7844171528936628,2.0,1671.3157879355356,Full,1292140.4603017254
4378.63621850768,6.0,2.4,6.725342753330429,1990.0,Townhouse,New,9.864316210309427,Medium,32.73969284947777,3.0,1398.1436082745186,,649709.3320764591
3564.2068254530836,1.0,2.8,7.782583575744656,1960.0,Apartment,Excellent,8.714916215245033,Low,4.447090218146266,2.0,4943.543548086085,Major,530537.3666197916
2820.8918868608725,5.0,3.2,5.443657694533461,2000.0,Semi-Detached,Excellent,5.360578450435185,High,11.571002879355225,3.0,494.8727302619876,Minor,
1161.2094855647492,3.0,1.2,,1972.0,Detached,Fair,8.682155798338258,Low,26.765458268748116,3.0,12.257445518029098,Minor,1395156.3890991907
683.2223110167503,2.0,5.8,9.855269552835166,,Semi-Detached,Excellent,7.727669613222769,High,15.995241005599425,3.0,74.44045263579669,Minor,532365.3170320428
2230.8099894213274,3.0,1.5,6.440279587188543,1953.0,Apartment,Fair,4.63183494105596,Low,0.29426510572772013,2.0,515.7880781706325,Minor,919020.1586291996
,,5.8,5.877298665683506,1991.0,Townhouse,Poor,5.446771759705235,High,49.137695590855415,0.0,4242.514411183753,Minor,419876.0397199879
757.0689991579108,7.0,4.5,8.860882562667449,1983.0,Detached,Fair,5.171806241875778,Low,8.559316976547022,1.0,815.8992954098443,Major,1270245.1682210735
830.3768942196102,7.0,,5.042832119167598,,Semi-Detached,New,1.1306222490136868,High,26.36698282311496,3.0,,Full,
4171.088257999891,6.0,1.3,5.2626015592075674,1956.0,Semi-Detached,New,3.8922126521216818,Medium,25.781876197575244,0.0,3181.7858202250914,Minor,1727293.6959160564
3767.8318240981766,3.0,3.2,7.391859654857098,1986.0,Semi-Detached,Fair,1.3488542496453269,Medium,47.47534180894625,2.0,3834.828460411756,None,1972122.7852222791
1892.7397818393545,3.0,5.8,2.4383317266667337,1969.0,Detached,Excellent,8.96425974776001,Medium,38.53008129497721,2.0,652.8888761194257,None,1812632.7377988887
1867.4707221626638,3.0,4.2,2.1718749949768315,1978.0,Townhouse,Good,,Low,27.788018488927285,3.0,643.9372330161158,Full,1663357.799776509
2049.581236253045,7.0,3.7,6.565000721665121,1985.0,Apartment,Poor,4.6366481000420965,High,36.820206621582464,1.0,1552.9974891982833,Minor,1778370.4344859454
3044.9137822319635,,4.4,,2020.0,Townhouse,Good,,Low,42.327136319498265,2.0,515.4759382310714,,202212.75388641417
4370.649283722054,1.0,1.9,4.9197355373226035,2005.0,Semi-Detached,Poor,1.3659201661120173,Low,16.171154918038827,1.0,1386.3362135604596,Full,1546999.1340064013
2646.7146231003344,7.0,4.7,8.240031183725124,1954.0,Apartment,Poor,3.305519916492189,Low,6.058566670821014,3.0,2971.7471222688087,Major,802241.9579939799
1168.1692439261658,3.0,2.4,3.7895965729332914,2006.0,Townhouse,Excellent,4.562264532998077,Low,40.55767425649782,1.0,2143.7309389971483,Full,457891.5008527935
1213.4551018493203,3.0,2.4,7.680607872333313,1964.0,Apartment,Poor,6.389114267654369,Low,9.567922857873262,1.0,1484.944761620695,Major,921511.5825938642
756.5014269469743,3.0,4.0,3.950609327403368,2013.0,Townhouse,New,,Medium,17.058762400052686,2.0,1679.869691107494,Minor,
3831.639113462458,3.0,1.1,1.357868183786321,1994.0,Semi-Detached,New,5.330876901323625,High,44.06792209760219,1.0,1168.6646734115652,Major,609478.919776222
2296.614389005701,7.0,1.3,1.8248428282874634,2003.0,Semi-Detached,Poor,7.119217139092084,High,33.25547413388791,0.0,2239.234176460453,Major,
4631.102793431619,3.0,1.1,4.904804645930658,1951.0,Townhouse,Fair,1.3934695258464762,Medium,4.346868855524599,1.0,2295.3878643728954,Major,1216024.8464653937
1895.317374503117,2.0,4.8,3.8609908109720075,2005.0,Apartment,Good,5.72360420939131,High,12.166065389210956,1.0,4480.211783948453,None,
4092.3833192427633,6.0,1.1,5.220568149186412,1989.0,,Excellent,3.5630863284936227,High,7.7653900051389275,3.0,,None,240176.06794632383
2728.4727623970225,5.0,1.5,5.707715155514503,1950.0,Apartment,Poor,,Low,1.5905397270401078,1.0,3152.888810018983,Minor,1279754.6589005708
4318.945097840264,5.0,4.0,9.484227785307644,1965.0,Detached,Poor,3.9062720932023813,Low,10.844430362668827,2.0,1309.2650138990602,Minor,245644.95024602363
3025.6713928371623,3.0,3.4,,1955.0,Semi-Detached,Poor,2.5282490034776344,Low,32.37984307039098,3.0,1705.0850499310104,Full,1227253.530606799
1365.747141191368,6.0,2.8,8.71728138530884,2021.0,Apartment,New,8.10477791016573,Low,0.6975940898868771,0.0,4361.767065617323,Full,1246970.6146746585
4104.987707195167,7.0,2.8,8.65628473107078,1996.0,Detached,New,7.919076654335994,Medium,48.12107983127835,0.0,2830.5239157241695,Minor,840532.9479467666
525.4193723324877,2.0,5.3,8.98697387610385,1955.0,Apartment,Good,5.175357226255328,Low,11.67946146828397,1.0,900.8922316046436,None,198881.2628149656
2769.4554956256975,4.0,1.4,5.841370567194554,1997.0,Apartment,Excellent,2.6583498551952895,High,14.591213102834544,1.0,3631.9635362561175,Minor,1659989.8417181764
1381.1953055641804,4.0,5.6,3.575565981312464,1951.0,Townhouse,Poor,5.256641444174436,Low,1.7408146931967072,1.0,321.1488813713542,Major,740401.7454129299
2021.1350400425936,2.0,2.2,8.076266430961724,2010.0,Detached,,4.976692921780698,High,3.481208064766178,0.0,4467.487727052754,None,213579.57297406415
2340.935530550919,7.0,3.4,3.904129391270984,1960.0,Semi-Detached,New,2.3238334847925133,High,49.93682880644333,0.0,2730.6289030412695,None,200709.97584642255
3019.8225097080403,6.0,5.8,9.06204033576543,1959.0,Apartment,Fair,4.266383440337011,Low,16.710959111292993,2.0,4902.369318010552,Full,266322.2064769409
2095.5056900551263,4.0,4.2,1.9436237453576797,2011.0,Detached,Poor,8.331380282797655,Low,33.98563066012369,3.0,1382.0424629650174,None,1745036.865656955
3401.4933609572245,5.0,2.3,7.1033964862798475,1957.0,Townhouse,Poor,5.527248879633847,Medium,37.547797401116696,2.0,551.9677127163619,Full,1000291.5173135364
1343.5665473356978,7.0,5.9,5.33154414047941,1959.0,Semi-Detached,Excellent,2.1647133828927014,High,24.67835947934297,3.0,2449.496806202458,Major,1758306.192932212
4054.578259573472,4.0,5.1,6.463694774766573,2001.0,Apartment,Fair,8.960804917737105,Low,23.132986293515028,0.0,2738.2653484871926,None,1522760.610447497
3208.3472572006644,6.0,2.6,2.0010284809615984,1953.0,Townhouse,Poor,7.69611220275877,Medium,16.79679037272332,0.0,3765.4036036685793,Major,126711.33943852209
2082.9807310806887,3.0,4.0,,1952.0,Townhouse,New,,High,35.09577522710492,1.0,3004.9125560920033,Full,
2893.4043124015116,6.0,3.8,7.4299734251404,1994.0,Detached,Good,3.4066808662917145,Low,26.272158405715974,0.0,,Major,
2317.830447167775,7.0,,3.5657203380069973,1979.0,Semi-Detached,Excellent,1.8707407411043797,High,21.345131077475514,1.0,931.107753793598,Major,156651.3945716627
4437.096979843382,1.0,1.6,9.00543215123444,1996.0,Apartment,Poor,7.643574309798594,High,7.583921639794783,1.0,4440.366111808096,Minor,1920798.4193192224
2958.5747078998743,2.0,4.2,5.0755921405181645,1983.0,Apartment,Poor,6.64562889656977,High,33.382208846434516,0.0,1563.2798400666613,Major,1827872.326330239
4048.76619789624,1.0,2.1,2.6745206848900085,2016.0,Townhouse,,8.376814925218838,Medium,21.847111377333945,2.0,1067.2027176971455,Major,548185.1698763855
4077.19658112649,6.0,2.6,4.875582772854708,2006.0,Apartment,Good,7.201903043602549,Low,5.214832455524271,2.0,1321.2443664659145,Full,795166.5970304543
3802.7725871758903,7.0,3.7,3.8738670847028027,1970.0,Apartment,New,2.390820200425771,Low,17.146763996660447,1.0,2731.0643804396623,Full,1480894.3819921026
3878.60918000173,2.0,2.1,7.375824754174648,1990.0,Apartment,New,5.07208893093218,Low,2.2831056861269126,3.0,68.50544454245878,None,132680.78766363463
1510.3479765079544,2.0,5.5,1.191386269163649,2002.0,Semi-Detached,Good,3.8087533244842793,High,6.162460246141705,,3877.668413080496,Minor,
4419.696319751198,2.0,3.1,8.921690029115261,1989.0,Detached,New,,Medium,49.67856635743556,3.0,3961.020575755226,Minor,
3685.1328363426514,7.0,1.8,4.8910476853663685,2018.0,Detached,New,3.463162240074879,Low,39.56876467897582,0.0,4378.423425856135,Full,789658.1212416615
,6.0,1.3,2.0164215981169837,2017.0,Semi-Detached,New,5.458009582013726,Low,49.387618558454975,2.0,4085.2792451000364,Full,309792.74934025004
3414.420822340246,5.0,4.9,7.910794670449112,1971.0,Townhouse,Good,5.935147324325889,Medium,47.024603880701555,,440.6804775594997,Minor,1154303.8401032933
2669.082836026477,5.0,5.1,9.89472349852847,1972.0,Detached,New,6.628246805769522,Medium,47.887059107118034,1.0,2648.746397300263,Minor,
1140.812090604546,2.0,1.4,9.124604441209655,1973.0,Detached,Good,6.717259217092012,Low,23.93832361564481,0.0,839.9253454480893,Major,539209.6868427445
,3.0,3.7,2.4823379329599966,2016.0,Apartment,Poor,6.81072354570267,Medium,33.85507558551675,3.0,521.6519608084991,None,522945.6288384675
,4.0,4.3,2.949490206489679,1960.0,,Poor,4.198408902200542,Medium,0.6177592505214713,3.0,18.44380612159857,Major,234368.94477430507
4442.1228909619895,6.0,5.5,9.889233901614428,2009.0,Semi-Detached,New,5.551796710157095,Medium,,0.0,152.87808765418742,Minor,1153137.126574012
888.647963095606,3.0,1.2,2.824738877028469,1983.0,Apartment,Fair,1.5258959676283774,High,33.768724037635586,0.0,1760.9248587593274,Full,868897.9232786704
,5.0,2.7,3.715224377138166,1965.0,Semi-Detached,Poor,5.747196840958414,Medium,7.694979261661144,1.0,91.28767759085,Full,1300748.2362208667
,6.0,1.6,6.605530031529294,1975.0,Detached,Good,6.5986679573468106,High,44.756608480919894,2.0,2141.8158249474122,Minor,165961.46914564457
3609.8457039560567,6.0,,3.6221749152256466,1992.0,Townhouse,Poor,7.699403084666806,Low,5.358349717882521,2.0,662.8996277686194,Full,1316126.0304458288
3949.676091423452,2.0,2.9,4.432297208764584,1968.0,Apartment,,,High,41.89573646596385,2.0,4121.357125711695,None,1870409.3863208976
4228.204517208625,5.0,4.0,7.6714538310817275,1977.0,Semi-Detached,New,6.578998584645679,High,30.762017257084366,3.0,1910.3014315677315,None,1661479.6520635835
3183.6729333743688,4.0,4.4,6.3398066849587735,1997.0,Townhouse,Good,3.9463790426103813,Low,42.98862832190003,1.0,3197.7730965294118,,
4469.9866775452965,1.0,5.8,8.291295160813664,2001.0,,Fair,4.634317171726703,High,,1.0,2362.8175710054984,Major,310056.1507454348
3004.2818217820954,1.0,1.8,7.979333562465811,1999.0,Semi-Detached,Good,5.2734115907443275,Low,31.86711029091042,0.0,2287.355377249331,Full,1123064.9320837376
603.9073192198689,3.0,5.0,8.193432829567834,1991.0,Semi-Detached,Poor,2.160413328972772,High,11.144073449985415,0.0,2369.303829039042,Full,639212.1124327745
2563.8256366211253,6.0,5.2,2.600431182948668,,Townhouse,Poor,3.160007790356445,Medium,13.07159344762059,1.0,1396.5412231425767,Major,120471.8153451774
1225.281709813511,7.0,3.8,3.312530413472216,2021.0,Townhouse,New,1.5686157402927212,High,,1.0,618.4533496162725,Minor,876454.9177234834
3083.4162256499244,2.0,4.9,2.6431376281175676,1976.0,Apartment,Fair,9.767656246382458,High,42.71370771620313,0.0,4421.230550780341,Major,1125922.2061425992
3563.5371330373073,7.0,2.7,2.1036912472349525,1996.0,Detached,Excellent,2.716894120894607,Medium,40.10682209455956,2.0,3770.7222595097096,Minor,1573404.2600360655
3564.630245346297,7.0,1.2,8.652561999804655,1975.0,Semi-Detached,Fair,6.703636068507933,High,14.079114857779128,3.0,1253.8743316019502,None,1961484.5764471523
2706.958888499044,5.0,1.8,1.034379806765346,1983.0,Apartment,Good,2.0396121312364714,Low,8.985731854578777,2.0,83.35282110989273,Full,1746571.85955325
3726.062354307565,3.0,1.8,,1964.0,Apartment,New,7.272569013732429,,39.91820857583044,2.0,2643.874823490151,Major,1128898.7880248085
1014.5047123127279,3.0,5.4,8.855944741850841,1953.0,Semi-Detached,Excellent,8.874932941029428,High,23.173465785104323,3.0,447.96076905019686,Major,1632751.870640927
4764.894193445394,3.0,5.8,2.5074624819443905,1950.0,Apartment,Excellent,5.277462594605568,Low,16.395566325634203,,3555.310795059094,Minor,1675488.8820450692
4294.429930501032,4.0,3.0,9.384743364639531,,Semi-Detached,Good,7.178290098794044,High,34.071799537731295,3.0,1531.398238833419,Full,1936751.1906836359
4347.654650653691,7.0,4.3,9.617280485786464,2010.0,Semi-Detached,New,,,19.24720332998676,2.0,,Full,569222.1296629237
648.7066134570115,7.0,2.5,6.227207339597624,1985.0,Semi-Detached,Excellent,6.883968612073751,Medium,36.4025288508247,1.0,2198.104564275484,Major,578496.0842182813
1532.04973544634,6.0,3.2,7.004178389024942,1967.0,Townhouse,New,1.9530038804291614,Medium,10.468030985875926,1.0,446.6106279703608,Minor,515256.5437770377
946.7160639551304,7.0,4.1,2.6796666365157806,1952.0,,Good,8.35041545812576,Medium,28.398856310079285,0.0,4891.254625258874,Minor,1812268.1133172896
4394.298964988806,3.0,5.3,9.857283444301766,1992.0,Detached,Good,,High,,3.0,6.232399038559322,None,1399706.1700262995
3874.569341522697,2.0,3.1,7.655214401690417,1995.0,Townhouse,New,3.0421777096916705,Medium,40.57021754226181,2.0,4664.497408771894,Major,365754.1500702579
,4.0,4.5,5.645967028977347,1977.0,Townhouse,Good,,Low,,1.0,,Full,1926548.0229979376
2309.3651719893883,1.0,2.2,5.508814492763604,2014.0,Apartment,Good,7.525528467014938,High,1.0545102486457458,0.0,2740.833126397918,Minor,1250348.3973447403
2803.604438048366,1.0,2.6,6.5618051735908045,2001.0,Apartment,Excellent,6.782295903967489,Medium,46.42500071269359,2.0,4142.069624880135,Full,104001.03080866353
3718.0755224715585,,2.1,2.675739433313603,1961.0,Townhouse,New,2.3735958758126583,Low,12.021980902851764,1.0,142.96603134239137,Major,929597.4620948276
1820.377272273871,,5.3,6.373156431824864,1974.0,Semi-Detached,Good,6.407481777421607,High,,2.0,685.6055615628181,None,1568334.0218439158
1806.9629636603038,7.0,1.6,1.6292556380190644,1985.0,Semi-Detached,Fair,5.576990626262845,Medium,12.761062693190894,0.0,2997.5876550684798,Major,689550.4249327867
2892.402090703995,7.0,4.8,6.443161268725623,1970.0,Townhouse,Fair,6.886209052601111,High,9.360230980012396,1.0,2662.800362003251,Minor,1375111.6901546742
,2.0,4.2,6.172490200005707,1959.0,Detached,Good,8.059772187534243,High,31.386525620749982,0.0,2747.964389468676,Full,1464260.3803170142
1004.6934809332606,6.0,4.3,4.218261549272771,2012.0,Townhouse,,3.961178519149257,Low,36.334111141172784,1.0,4268.537389531226,Full,1674288.8634775002
3707.06144781121,2.0,5.4,1.8124008396677957,2000.0,Townhouse,Fair,4.680315768718251,High,48.10506345580395,1.0,3330.9253980937046,Major,1202862.5759909162
1303.264489528475,4.0,3.7,,1976.0,Townhouse,Excellent,6.349357517418632,Low,15.058080562342436,1.0,1769.3357857393898,Minor,463930.7438377979
4324.324917465171,1.0,,4.937450149461489,1967.0,Apartment,Excellent,8.039213467742076,High,22.602837510080864,2.0,3037.380472183829,Minor,
3979.38507833579,4.0,5.7,3.811451752491402,2002.0,Townhouse,Excellent,6.552169981219954,High,30.237289309752974,0.0,3482.6037281277345,Full,448262.72213870287
4914.0805141650535,1.0,2.7,4.852091735232091,2004.0,Townhouse,Good,1.1328056250234977,Low,41.19055165862083,0.0,965.9365112080909,None,971197.4640369344
1269.8547392483922,,1.1,1.548313382446441,1954.0,,Good,9.919052940644274,Low,39.0777874079807,,132.29599024876305,Major,270935.0629245279
4750.268845198163,6.0,3.7,1.767146950605588,1986.0,Townhouse,Fair,1.2561345911636146,High,47.19030577701259,0.0,2519.0167297859407,Full,402512.5051924607
3797.0333162606667,1.0,2.8,2.2989539885290196,2001.0,Apartment,Excellent,8.81443071830095,Medium,27.099218292828002,2.0,,Major,464472.0338455555
4465.519631738214,6.0,5.6,5.980958993124924,2009.0,Semi-Detached,Excellent,9.151034434046492,High,41.084675744291246,1.0,4343.524379396044,,
654.1901938742466,1.0,3.6,3.5479860777198713,1974.0,Townhouse,,2.9325878310999203,High,40.17030633314932,2.0,2910.371259559786,Minor,517653.2033261095
1944.1256684521045,7.0,1.3,3.1160322139858123,1982.0,Detached,Good,7.9771936426330425,High,10.347208412107006,3.0,2935.76284424791,None,1073105.617077535
632.615898310546,4.0,2.2,6.674372944759218,1964.0,Semi-Detached,Fair,5.290944636652441,,17.215369058552948,2.0,2532.477361591052,Minor,1387177.011148036
1318.6810698659401,6.0,2.1,6.371499700536151,1950.0,Semi-Detached,Fair,4.757912632598597,Low,9.992154878810783,2.0,4623.223917642397,None,1144987.3372029052
4479.205524296229,7.0,4.8,4.044112088531016,1987.0,Semi-Detached,Good,2.321387678491894,Low,2.109486110950587,,4296.287070058237,Major,1355002.0274618443
2348.749066614204,2.0,1.3,9.434687147062773,1994.0,Apartment,Excellent,5.142529143861211,Low,42.51045593190438,1.0,2540.695907640946,Minor,1808998.7120694146
3521.7626369477002,1.0,2.6,4.583591529356882,1956.0,Apartment,New,6.7378169848972025,High,45.095918396431735,1.0,3383.566727041862,Minor,1935227.8702735468
2677.618410940539,3.0,4.4,2.705916492337837,1961.0,Detached,Fair,5.482952465387196,Low,21.047175206954826,2.0,3261.836180517327,Full,1399700.7436815985
2631.3380606313976,5.0,4.1,8.998815147953714,2017.0,Detached,Good,3.015425604207146,Low,18.244667973125452,1.0,1239.2352617253744,Full,454857.6156434631
3424.073570404562,2.0,4.2,7.319200735160517,1975.0,Semi-Detached,Excellent,5.3828422191849965,Low,23.53579597389823,3.0,1187.369725312178,Minor,1960563.424919137
2456.5138469553603,7.0,3.8,7.740074998744724,1959.0,Semi-Detached,Excellent,8.858443912369804,High,31.420556477032278,1.0,4995.397714667688,Full,233440.47910354772
593.1907337151791,2.0,1.9,8.64068109241068,2021.0,Semi-Detached,Excellent,8.360161420772922,Medium,49.36255469923789,1.0,4113.46067783642,Major,1862696.4538444586
,4.0,4.4,8.165668348258873,1999.0,Townhouse,Poor,2.72603416059771,,43.58000519953392,1.0,3730.9751779112,Major,958293.3931950543
1730.540536986996,5.0,5.8,8.630014279308126,1974.0,Townhouse,Excellent,5.403831755937641,Low,8.126706585205751,2.0,4623.12948479042,None,1700718.481578473
3521.2803193861405,4.0,1.2,3.0489653559586674,,Townhouse,Poor,6.434388037468766,High,43.85708386735384,1.0,3645.1415349886206,None,746331.0026357421
3461.736690233012,2.0,2.8,6.542267976591113,2003.0,Townhouse,Good,5.788299725591748,,24.240017491395378,3.0,4017.2788491969345,Full,1166841.2446848443
1150.7545469018128,1.0,2.5,7.081323571508122,1992.0,Semi-Detached,Excellent,6.945455858991994,High,40.25575487301554,0.0,1441.2510050274425,Full,369167.63262997917
1240.848426844947,6.0,1.7,3.634320597697896,1976.0,Detached,Good,,Medium,42.25512395609842,0.0,2539.4749773303383,Major,1819709.6665489834
2515.1191607233313,6.0,2.3,9.948534577241741,1965.0,Detached,Fair,4.63738967787674,Low,18.910069856609518,2.0,2136.8360830601173,Full,669637.6206465584
2038.0340121990835,6.0,1.1,8.26535694919054,2010.0,Apartment,Excellent,3.1773408398166,Low,1.4051956172638658,,1629.7097878184202,Minor,598390.3609711092
1730.2746325096061,1.0,4.2,9.231654685675174,2016.0,Apartment,Poor,4.980079580596432,High,18.241123748914696,1.0,3709.383784974485,Major,946780.3249039587
1891.7125047536263,4.0,4.1,2.3688793815111717,1987.0,Detached,Fair,1.972309856767414,Low,1.4990403595514235,0.0,2288.9470465419295,None,794484.1516508496
,2.0,3.5,1.3395176787255834,2013.0,Detached,Good,7.726404336472569,Low,25.701046329190653,3.0,,Major,362028.40861469944
998.3450155807307,2.0,2.6,1.2573583251167544,1992.0,Apartment,New,7.9800806457197675,Low,47.45808321166039,1.0,1997.5687992098651,Full,146788.56499556563
,7.0,5.9,,1963.0,Apartment,,9.489050130150178,Low,44.25549388180664,2.0,2192.339481224129,Full,709978.420529009
4460.13656333329,6.0,4.1,5.917642629835251,2013.0,Apartment,Fair,9.090795740885772,Medium,19.173932437412965,3.0,4452.28994963009,,1467681.6910074875
4166.931467188031,7.0,5.4,3.76942627822586,2012.0,Apartment,Fair,2.1458303399125076,Low,37.82779986127514,,147.78612087473275,Major,
2724.2467801769494,2.0,2.5,8.250195716565868,2018.0,Semi-Detached,Fair,5.913309453046282,,36.5477811217537,2.0,2586.487880272829,None,427747.7290032924
1939.1162958497275,3.0,4.8,6.79653399006912,1998.0,Apartment,Excellent,7.349747380105462,High,28.8843918420343,0.0,1245.6209908286864,Major,1111332.434343925
3590.1898423608786,6.0,1.0,6.57216482330938,2021.0,Townhouse,Good,8.454538581785512,Medium,35.227444094538065,2.0,2146.6520109585445,,1376172.2236438314
991.1604405543967,1.0,4.4,8.178223249611875,2001.0,Apartment,Good,3.682683705347938,High,45.167951400800305,2.0,3341.7372399474743,Full,1974977.6312049555
957.0648791351825,4.0,4.7,5.222676651103598,1972.0,Apartment,Poor,9.882345873850298,Medium,14.062726981573942,1.0,3097.764552350587,Major,258458.35551368378
1135.11914706387,6.0,2.3,2.455872098650386,1981.0,Apartment,Good,5.538967451362856,Medium,8.784896861594959,1.0,1703.8077935281938,Major,980657.2084251437
3614.3564914196754,4.0,6.0,9.258567077904276,1997.0,Townhouse,Poor,5.160664413954022,Medium,16.08509347462989,1.0,1591.678800927785,Minor,1940641.1202276682
4196.965031768679,1.0,3.5,8.787401915540883,1961.0,Townhouse,New,4.797645054274793,Low,30.550313575795073,,1833.098351004424,Full,1322100.806877253
,4.0,2.8,3.237683312618697,2007.0,Semi-Detached,Excellent,2.6020269983233675,High,24.1269735915795,1.0,3696.4918765677517,Major,1336126.1726096678
,4.0,1.9,3.9598470542099142,1973.0,Semi-Detached,Good,6.022784562005658,Low,33.61396180537218,0.0,2232.267036558984,Major,1808077.78262673
2015.589296839558,4.0,1.8,8.381267942125127,1952.0,,New,2.122074486560286,Medium,22.2833794445473,2.0,728.7560631438794,Full,745760.9817789606
4203.184094553415,7.0,2.0,9.750148921757072,1951.0,Semi-Detached,Good,8.591797574789823,High,32.559511614625784,2.0,4589.867072002832,Minor,1141412.465104448
2806.666599530968,7.0,3.7,7.97895030197777,1957.0,Semi-Detached,Poor,1.4333273162326967,,,1.0,1713.9488263481655,None,989692.7385181003
2530.0600198606676,4.0,3.7,1.471204071149287,1950.0,Townhouse,New,8.672746029994848,High,21.701356548200074,3.0,2283.882520404436,Major,749749.7430264716
3465.859250796099,6.0,3.7,4.674733162577587,1995.0,Townhouse,Good,8.29748311976826,High,32.28262973354353,2.0,2539.485891512874,Major,1777608.462235305
2096.2809284680498,7.0,5.3,7.984703863952585,1953.0,,New,3.7062554732563795,High,14.564029851304273,2.0,3578.485544313174,Major,895383.9071333592
519.3859680361234,4.0,1.0,5.193902854550101,2021.0,Detached,New,1.3208710181055485,Low,16.151139382769088,1.0,1427.5115657583176,None,368346.108662381
4733.452562959858,2.0,2.3,7.083060794347598,1981.0,Detached,Excellent,8.960173002230867,Medium,1.013632774379969,2.0,3854.8990489480393,None,394880.5732100995
3697.6308569494895,3.0,5.4,1.327151292330002,1965.0,Detached,Excellent,8.238915754315704,Medium,39.3345554626533,3.0,14.515696364010843,Full,317743.678359517
4811.134790794581,7.0,,2.904748373523462,1980.0,Detached,New,6.712140972480339,Medium,24.279047921591214,2.0,3705.8507848159757,None,1515880.3327626877
4325.173255252068,5.0,2.0,7.831470263361775,1954.0,Apartment,Good,1.4952945947505114,Medium,8.32814050921728,2.0,839.5309676697443,None,1925941.621595471
2182.727796264522,6.0,2.6,2.7330541251423983,1992.0,Detached,New,5.5786517966394324,Low,31.514914287753932,2.0,927.5934282016757,Full,559348.3899666353
2203.7579101327046,6.0,5.1,9.740854174993814,1962.0,Semi-Detached,Good,9.40653258854315,High,5.972855336170014,2.0,2707.528066318878,Major,194376.92079251536
1148.9571144183433,2.0,3.9,4.300340801868,1957.0,Detached,Poor,1.9614268650570454,High,23.24790074885783,1.0,1537.1795486754447,None,340540.9818024453
4132.838318830172,2.0,3.8,2.74821508935185,1960.0,Detached,Fair,5.589691886247816,Medium,6.735337691263277,3.0,694.4065773437935,,1502602.9043735887
3288.7043397603043,6.0,5.6,2.749007265668814,2016.0,Townhouse,Good,8.230841148446634,High,33.83146683464849,,908.0941214606919,Full,1614811.9121458798
1651.100375312326,2.0,3.4,,1982.0,Detached,Excellent,6.950550298388509,Low,9.456668650696438,2.0,,None,762059.3327426073
4820.170381285545,2.0,5.7,4.126947841403998,1953.0,Apartment,Good,4.55013904722397,Medium,47.69074953111593,1.0,3538.3244171528627,None,116024.23198241272
3955.117164227256,4.0,1.7,6.234481661064867,,Townhouse,Fair,9.027989647995618,Low,30.0818365315074,3.0,774.1905207406213,Major,1747874.2680326754
4471.661695615454,5.0,3.0,8.948213207081837,2007.0,Apartment,,5.743723965267779,Low,1.1075760385421018,1.0,4026.5322173738714,Minor,272689.6896715787
1283.11436415601,5.0,5.1,9.401646862689859,2009.0,,,8.819858170252903,Medium,20.989862851446922,3.0,4784.918502644444,Full,391040.8512388476
3166.609940730215,7.0,1.8,6.398858864672205,1975.0,Apartment,Poor,6.504646172249098,Medium,8.023050002397264,1.0,511.1820754337692,Major,568858.1653569243
4958.883901727289,4.0,1.9,6.695297088471317,1964.0,Apartment,Fair,3.816322643357884,Low,30.260215008889023,1.0,3549.6147635480625,,1307702.5594593852
2072.546748872077,6.0,2.9,,1981.0,Townhouse,Poor,9.08842399008964,,38.25984280358142,3.0,1348.2788298422026,Minor,764024.5340033938
2315.159875173072,4.0,5.6,4.030206698894115,2002.0,Semi-Detached,Good,8.916925008514477,High,15.422522838645413,3.0,2684.6634705265446,Full,186444.7191975186
2916.9501669882043,5.0,1.9,5.805577478551452,2010.0,Semi-Detached,New,,Medium,33.77742865330842,1.0,1145.0388327271328,Minor,1543797.8712941036
700.427647107889,2.0,5.8,2.489446544236434,1953.0,,Good,2.947098889013702,Medium,43.56203921333457,2.0,713.3650298836125,Minor,1152027.878901366
1516.2701844187095,7.0,4.4,3.9051357789739716,1966.0,Detached,Fair,9.809104131473104,High,45.26505868972141,3.0,2757.1920412255863,Minor,1677415.4746716013
1953.0021395798763,4.0,,2.7959409253676535,1961.0,Semi-Detached,Excellent,5.262118169663733,High,6.145074907171322,3.0,4157.956675757586,None,225048.56329250912
541.6821568223395,,1.1,8.558415851550102,1960.0,Semi-Detached,Poor,9.978672384024405,High,17.753159268228252,3.0,4828.326125597234,None,1907662.9493199298
1920.7810930837527,2.0,3.6,,1963.0,Semi-Detached,Fair,3.2835168058842528,Low,13.650246239487574,3.0,4045.989960158441,Full,295472.9351178426
2953.8652821012956,6.0,3.1,7.722447194586491,1964.0,Townhouse,,1.9121120953749768,High,28.52914968558697,1.0,1301.2603650357207,Full,1160131.614184238
586.7797142348999,4.0,5.0,,1962.0,Detached,Excellent,1.0689077541566605,Medium,40.80590113765833,1.0,3187.720566771331,,1088204.7728928248
2893.2432035424627,4.0,3.8,6.937457149539198,1983.0,Townhouse,New,3.8097598025624855,High,32.19569280492694,0.0,683.760523877463,Full,1795061.0256347253
,6.0,5.9,7.890398476079764,1954.0,Detached,,6.2633764805184775,High,49.15115281602202,1.0,2063.11324264219,Minor,1167642.8767798461
1157.2399249872287,5.0,1.6,1.9053240044048934,2019.0,Detached,Excellent,3.238978038634402,High,1.9752585177306048,2.0,743.9032297494713,None,629454.9112271919
4826.306269620407,4.0,5.6,7.948209835250626,1996.0,Apartment,,6.181838708310654,Medium,9.952300443533696,1.0,3856.4661895702075,Major,426568.36266221385
2367.4540251240887,1.0,2.9,6.273345262033437,1992.0,Semi-Detached,Excellent,1.5072363022263544,Medium,42.568258658146824,0.0,748.349268689027,Major,593360.1496400412
2472.465993059766,6.0,3.5,7.175418040718613,1973.0,Semi-Detached,Good,9.734439933917995,High,19.633339158925565,3.0,3709.34681148172,None,613620.3595919667
2816.5822722168336,2.0,,,1993.0,Townhouse,,4.12627636072653,Low,38.938951264623206,2.0,508.42227342752733,Major,502006.9855737188
2269.2517024748486,2.0,4.4,2.4689336693482993,1998.0,Semi-Detached,Good,9.75978924041205,Low,48.58384028963936,1.0,2721.200517020227,Minor,544528.8698234744
3435.6983890784504,6.0,5.7,8.181232179092031,1982.0,Apartment,Good,5.811439510830304,Low,29.511680312855287,0.0,1034.2596495579987,Minor,1728393.8787884803
1300.6407427939816,3.0,5.9,8.036695948454389,1951.0,Townhouse,Poor,5.196468993159745,Low,33.29885211690703,0.0,745.3654239865692,Full,1754177.1022022623
4641.829529578917,,,6.821569199100839,1983.0,Detached,Poor,1.806435392775097,Low,19.224365474819955,,2188.288580369936,None,
4407.431416965323,1.0,3.8,5.542610140657042,2012.0,Townhouse,Good,1.7629206168454377,Medium,44.960698232333144,1.0,4818.084994517168,Full,1838307.920229493
3401.464539566204,2.0,2.3,8.649162523291672,2016.0,Townhouse,Good,5.62318070209773,Medium,33.51615739648591,,435.7770554429019,Minor,1059060.8577453827
4052.105955350927,6.0,2.4,8.926242918300723,1959.0,Townhouse,Poor,3.8654728660145787,Low,30.19837538656854,0.0,2220.0615742900613,Minor,1239690.3590888183
3688.378922851134,7.0,2.3,4.013180519559674,1964.0,Townhouse,Good,2.6760601352786364,Medium,1.3815652396222344,3.0,462.9661154667514,Full,
2634.7116372914047,2.0,4.9,5.796058067326635,1988.0,Apartment,New,2.218172922379048,Low,24.730821123637448,3.0,1218.2147125200372,None,809138.8306711518
1200.1513161979556,3.0,4.1,5.048407480635397,2000.0,Apartment,New,6.027932410518366,High,49.75472987455931,2.0,1360.7187122241876,None,1292388.5466362713
1959.02038562298,2.0,4.7,4.826469080144538,1964.0,Semi-Detached,New,3.711197332347899,Low,22.461340126481645,1.0,2534.7257025867975,Minor,1399664.929331912
,1.0,5.1,8.450752471447856,1969.0,Detached,New,8.252948256616552,Medium,47.85144146327613,1.0,3911.472242874289,Major,1231470.1754448102
,4.0,5.5,6.971948824094973,2020.0,Apartment,Good,1.8090675600712367,High,49.07177349274202,3.0,1672.7500336439477,None,698943.8000900152
4393.796873974936,7.0,1.7,5.265090314404112,2012.0,Semi-Detached,Good,1.0733446668420905,Low,32.31912154946014,1.0,3901.13369580888,None,1851088.6939056076
4450.339854019739,4.0,5.4,8.096432403421199,,Apartment,Excellent,9.477826002873732,High,15.004878364070661,2.0,80.85804745675273,None,1802584.9663085209
2872.6965659434354,2.0,4.2,9.487971180572242,1963.0,Semi-Detached,Excellent,1.1553170377597592,Low,9.77351883287907,,277.75045078395624,None,1907966.2029238415
2464.373911251573,6.0,5.6,4.66910473771067,1962.0,Townhouse,Excellent,8.739566086759687,Low,27.30626369193534,1.0,847.4083847212305,Full,822143.4628162078
2431.8680841884216,4.0,,2.2186223745711815,1993.0,Townhouse,Excellent,,Medium,,0.0,2238.9135770967496,Major,1787543.4715700496
2498.0977663821122,5.0,3.1,9.278153182833101,1988.0,Semi-Detached,Good,9.521427148882497,High,25.301776523189794,0.0,1839.1795866286232,Major,1300657.04409232
4757.871176462096,5.0,4.6,9.616221359303768,2015.0,Apartment,Excellent,5.453095914516948,High,,2.0,3619.091859358197,Full,1992683.3810264943
,1.0,,4.68197888534046,2009.0,Apartment,Good,6.6138549454300355,High,21.949506304911232,3.0,4964.1439702721045,None,877322.8175506731
1183.0641747806712,2.0,2.3,6.835628020882488,1982.0,Detached,,4.296470785171338,Low,7.522350410973483,2.0,3990.7112407031864,None,109771.20509880825
2242.5424707760076,4.0,3.4,1.8142411688722686,2013.0,Townhouse,Good,9.745719532332553,High,40.27614453681774,1.0,4088.0747622849035,Minor,1058503.033363701
4108.461959559579,4.0,2.3,1.4180771409524264,1996.0,Townhouse,Excellent,7.586407478249622,Low,27.056319914407645,3.0,4938.956683623737,None,1123785.5909723658
4335.04412801471,1.0,1.4,1.8499388585252958,1981.0,Townhouse,Good,7.485385794665091,Medium,13.518805316264814,1.0,2313.7630537356463,None,
4214.651312540482,5.0,4.5,7.970170685640471,1959.0,Apartment,,4.180820370060895,Medium,0.784526023518406,1.0,4832.803102274821,Minor,871158.5423002045
